INDIQUE SU GRADO DE ACUERDO CON LOS SIGUIENTES ENUNCIADOS [Me siento muy esperanzado por el cambio de la constitución];INDIQUE SU GRADO DE ACUERDO CON LOS SIGUIENTES ENUNCIADOS [Creo que el cambio constitucional es necesario para avanzar en materia de derechos y justicia social];INDIQUE SU GRADO DE ACUERDO CON LOS SIGUIENTES ENUNCIADOS [Creo que el acuerdo para el cambio constitucional fue justo y transparente];INDIQUE SU GRADO DE ACUERDO CON LOS SIGUIENTES ENUNCIADOS [Confío en que una nueva constitución nos hará un mejor país a la larga];"ANTE LA PREGUNTA ""¿QUIERE USTED UNA NUEVA CONSTITUCIÓN?"" USTED...";"ANTE LA PREGUNTA ""¿QUÉ TIPO DE ÓRGANO DEBIERA REDACTAR LA NUEVA CONSTITUCIÓN?"" USTED...";GENERO;REGIÓN DONDE VIVES;COMUNA ;EDAD;SI TUVIERAS QUE POSICIONAR TU NIVEL SOCIOECONÓMICO DIRÍAS QUE ES...;LA MEJOR FORMA DE ORGANIZACIÓN POLÍTICA ES CON UNA ORGÁNICA DE TIPO;"RESPECTO A ""LA REALIDAD"" COMO TAL, PODEMOS DECIR QUE";LA MEJOR FORMA DE ORGANIZACIÓN ECONÓMICA ES CON UN MERCADO;SI TUVIERA QUE AUTOPOSICIONARSE IDEOLÓGICAMENTE DIRÍA QUE USTED ES DE;¿CUANTOS AÑOS DE EDUCACIÓN FORMAL ACUMULA HASTA ÉSTE MOMENTO? (sumando educación básica, media, técnica, universitaria, y postgrados). 
Muy de acuerdo;Muy de acuerdo;De acuerdo;Muy de acuerdo;"VOTARÁ ""APRUEBO""";"VOTARÁ ""CONVENCIÓN CONSTITUCIONAL"" (100% electa)";Hombre;Región Metropolitana de Santiago;Colina;20;2;5;4;7;5;14
De acuerdo;Muy de acuerdo;Muy en desacuerdo;Muy de acuerdo;"VOTARÁ ""APRUEBO""";"VOTARÁ ""CONVENCIÓN CONSTITUCIONAL"" (100% electa)";Hombre;Región Metropolitana de Santiago;Santiago ;34;5;4;7;10;3;19
Muy de acuerdo;Muy de acuerdo;Muy en desacuerdo;Muy de acuerdo;"VOTARÁ ""APRUEBO""";"VOTARÁ ""CONVENCIÓN CONSTITUCIONAL"" (100% electa)";Mujer;VII Región del Maule;Cauquenes ;18;3;5;9;10;1;12
Muy de acuerdo;Muy de acuerdo;Muy en desacuerdo;De acuerdo;"VOTARÁ ""APRUEBO""";"VOTARÁ ""CONVENCIÓN CONSTITUCIONAL"" (100% electa)";Mujer;Región Metropolitana de Santiago;Quinta normal;28;4;1;1;10;1;18
Neutral;Muy de acuerdo;Neutral;De acuerdo;"VOTARÁ ""APRUEBO""";"VOTARÁ ""CONVENCIÓN CONSTITUCIONAL"" (100% electa)";Hombre;V Región de Valparaíso;Viña del mar;21;4;3;6;8;2;15
De acuerdo;Muy de acuerdo;Muy en desacuerdo;De acuerdo;"VOTARÁ ""APRUEBO""";"VOTARÁ ""CONVENCIÓN CONSTITUCIONAL"" (100% electa)";Hombre;V Región de Valparaíso;Valparaíso;33;3;6;7;6;3;19
Neutral;De acuerdo;Muy en desacuerdo;Neutral;NO IRÁ A VOTAR;NO IRÁ A VOTAR;Hombre;Región Metropolitana de Santiago;quinta normal;33;2;1;1;9;1;16
Muy de acuerdo;Muy de acuerdo;De acuerdo;De acuerdo;"VOTARÁ ""APRUEBO""";"VOTARÁ ""CONVENCIÓN CONSTITUCIONAL"" (100% electa)";Hombre;VII Región del Maule;Linares;21;3;3;3;9;3;16
En desacuerdo;De acuerdo;En desacuerdo;De acuerdo;"VOTARÁ ""APRUEBO""";"VOTARÁ ""CONVENCIÓN CONSTITUCIONAL"" (100% electa)";Hombre;Región Metropolitana de Santiago;San Joaquín;26;4;3;4;8;1;18
De acuerdo;Muy de acuerdo;En desacuerdo;De acuerdo;"VOTARÁ ""APRUEBO""";"VOTARÁ ""CONVENCIÓN CONSTITUCIONAL"" (100% electa)";Hombre;VIII Región del Biobío;Concepción;34;3;3;5;8;3;19
De acuerdo;Muy de acuerdo;De acuerdo;Muy de acuerdo;"VOTARÁ ""APRUEBO""";"VOTARÁ ""CONVENCIÓN CONSTITUCIONAL"" (100% electa)";Hombre;Región Metropolitana de Santiago;Huechuraba;24;4;7;7;7;3;18
De acuerdo;Muy de acuerdo;En desacuerdo;En desacuerdo;"VOTARÁ ""APRUEBO""";"VOTARÁ ""CONVENCIÓN CONSTITUCIONAL"" (100% electa)";Hombre;Región Metropolitana de Santiago;Quinta Normal ;17;2;3;3;7;1;12
De acuerdo;En desacuerdo;De acuerdo;De acuerdo;"VOTARÁ ""APRUEBO""";"VOTARÁ ""CONVENCIÓN CONSTITUCIONAL"" (100% electa)";Hombre;Región Metropolitana de Santiago;Puente Alto;20;3;9;6;7;2;15
En desacuerdo;En desacuerdo;Muy en desacuerdo;En desacuerdo;"VOTARÁ ""RECHAZO""";"VOTARÁ ""CONVENCIÓN CONSTITUCIONAL"" (100% electa)";Hombre;XV Región de Arica y Parinacota;Arica;26;3;5;4;6;3;14
De acuerdo;Muy de acuerdo;Neutral;Neutral;"VOTARÁ ""APRUEBO""";"VOTARÁ ""CONVENCIÓN MIXTA"" (50% elección popular, 50% congreso)";Mujer;Región Metropolitana de Santiago;Recoleta ;26;2;1;1;5;5;16
Neutral;Muy de acuerdo;En desacuerdo;De acuerdo;"VOTARÁ ""APRUEBO""";"VOTARÁ ""CONVENCIÓN CONSTITUCIONAL"" (100% electa)";Hombre;Región Metropolitana de Santiago;Lo Espejo;35;3;3;4;8;2;18
Muy de acuerdo;Muy de acuerdo;De acuerdo;Muy de acuerdo;"VOTARÁ ""APRUEBO""";"VOTARÁ ""CONVENCIÓN CONSTITUCIONAL"" (100% electa)";Hombre;Región Metropolitana de Santiago;Las Condes;29;3;4;9;5;4;19
De acuerdo;De acuerdo;En desacuerdo;De acuerdo;"VOTARÁ ""APRUEBO""";"VOTARÁ ""CONVENCIÓN CONSTITUCIONAL"" (100% electa)";Hombre;Región Metropolitana de Santiago;ñuñoa;22;4;4;4;6;3;16
Neutral;De acuerdo;Neutral;Neutral;"VOTARÁ ""APRUEBO""";"VOTARÁ ""CONVENCIÓN CONSTITUCIONAL"" (100% electa)";Hombre;Región Metropolitana de Santiago;Santiago;24;4;4;3;4;5;18
De acuerdo;De acuerdo;En desacuerdo;Muy de acuerdo;"VOTARÁ ""APRUEBO""";"VOTARÁ ""CONVENCIÓN CONSTITUCIONAL"" (100% electa)";Hombre;Región Metropolitana de Santiago;Lo Prado;23;2;4;5;8;3;17
Neutral;Muy de acuerdo;Muy en desacuerdo;Neutral;"VOTARÁ ""APRUEBO""";"VOTARÁ ""CONVENCIÓN CONSTITUCIONAL"" (100% electa)";Mujer;VIII Región del Biobío;Chiguayante ;31;2;1;5;8;3;18
De acuerdo;Muy de acuerdo;Neutral;De acuerdo;"VOTARÁ ""APRUEBO""";"VOTARÁ ""CONVENCIÓN CONSTITUCIONAL"" (100% electa)";Hombre;Región Metropolitana de Santiago;Estación central;20;2;3;10;10;1;15
Muy de acuerdo;Muy de acuerdo;En desacuerdo;Muy de acuerdo;"VOTARÁ ""APRUEBO""";"VOTARÁ ""CONVENCIÓN CONSTITUCIONAL"" (100% electa)";Hombre;IX Región de La Araucanía;Temuco;26;3;3;8;9;3;21
De acuerdo;De acuerdo;Neutral;De acuerdo;"VOTARÁ ""APRUEBO""";"VOTARÁ ""CONVENCIÓN CONSTITUCIONAL"" (100% electa)";Hombre;II Región de Antofagasta;Antofagasta ;28;3;3;6;4;3;18
En desacuerdo;Muy en desacuerdo;En desacuerdo;Muy en desacuerdo;"VOTARÁ ""APRUEBO""";"VOTARÁ ""CONVENCIÓN CONSTITUCIONAL"" (100% electa)";Hombre;Región Metropolitana de Santiago;Independencia;28;2;5;3;8;3;17
De acuerdo;Muy de acuerdo;Muy en desacuerdo;De acuerdo;"VOTARÁ ""APRUEBO""";"VOTARÁ ""CONVENCIÓN CONSTITUCIONAL"" (100% electa)";Hombre;V Región de Valparaíso;Los Andes;26;4;3;5;8;3;20
Neutral;Muy de acuerdo;Muy en desacuerdo;De acuerdo;"VOTARÁ ""APRUEBO""";"VOTARÁ ""CONVENCIÓN CONSTITUCIONAL"" (100% electa)";Hombre;Región Metropolitana de Santiago;Macul;25;4;4;5;6;3;17
De acuerdo;Muy de acuerdo;Muy en desacuerdo;De acuerdo;"VOTARÁ ""APRUEBO""";"VOTARÁ ""CONVENCIÓN CONSTITUCIONAL"" (100% electa)";Hombre;V Región de Valparaíso;San Antonio ;16;3;7;2;10;2;11
Muy en desacuerdo;En desacuerdo;Muy en desacuerdo;Muy en desacuerdo;"VOTARÁ ""APRUEBO""";"VOTARÁ ""CONVENCIÓN CONSTITUCIONAL"" (100% electa)";Hombre;Región Metropolitana de Santiago;Santiago Centro;21;2;1;3;7;1;13
Muy de acuerdo;Muy de acuerdo;Muy de acuerdo;Muy de acuerdo;"VOTARÁ ""APRUEBO""";"VOTARÁ ""CONVENCIÓN CONSTITUCIONAL"" (100% electa)";Mujer;VIII Región del Biobío;Concepción;26;1;6;6;9;3;17
Neutral;De acuerdo;En desacuerdo;Neutral;"VOTARÁ ""APRUEBO""";"VOTARÁ ""CONVENCIÓN CONSTITUCIONAL"" (100% electa)";Mujer;Región Metropolitana de Santiago;Ñuñoa;36;4;6;1;5;3;24
De acuerdo;De acuerdo;Muy en desacuerdo;De acuerdo;"VOTARÁ ""APRUEBO""";"VOTARÁ ""CONVENCIÓN CONSTITUCIONAL"" (100% electa)";Hombre;VIII Región del Biobío;Concepción;2722;1;4;5;8;2;22
Neutral;Muy de acuerdo;Neutral;De acuerdo;"VOTARÁ ""APRUEBO""";"VOTARÁ ""CONVENCIÓN CONSTITUCIONAL"" (100% electa)";Hombre;Región Metropolitana de Santiago;Macul;23;2;6;7;10;2;15
De acuerdo;De acuerdo;Neutral;De acuerdo;"VOTARÁ ""APRUEBO""";"VOTARÁ ""CONVENCIÓN CONSTITUCIONAL"" (100% electa)";Hombre;Región Metropolitana de Santiago;Cerrillos;22;3;4;4;5;4;14
De acuerdo;Muy de acuerdo;De acuerdo;De acuerdo;"VOTARÁ ""APRUEBO""";"VOTARÁ ""CONVENCIÓN CONSTITUCIONAL"" (100% electa)";Hombre;II Región de Antofagasta;Calama;21;3;6;3;5;3;15
De acuerdo;De acuerdo;En desacuerdo;De acuerdo;"VOTARÁ ""APRUEBO""";"VOTARÁ ""CONVENCIÓN CONSTITUCIONAL"" (100% electa)";Hombre;Región Metropolitana de Santiago;La Reina;23;4;3;5;8;2;17
Muy de acuerdo;Muy de acuerdo;Muy en desacuerdo;Muy de acuerdo;"VOTARÁ ""APRUEBO""";"VOTARÁ ""NULO O BLANCO""";Hombre;Región Metropolitana de Santiago;santiago centro;25;4;1;2;8;4;19
En desacuerdo;Muy de acuerdo;En desacuerdo;De acuerdo;"VOTARÁ ""APRUEBO""";"VOTARÁ ""CONVENCIÓN CONSTITUCIONAL"" (100% electa)";Hombre;Región Metropolitana de Santiago;Quilicura;28;2;1;10;9;2;19
Muy de acuerdo;Muy de acuerdo;Neutral;Muy de acuerdo;"VOTARÁ ""APRUEBO""";"VOTARÁ ""CONVENCIÓN CONSTITUCIONAL"" (100% electa)";Mujer;Región Metropolitana de Santiago;Estación Central ;24;4;6;4;7;3;17
En desacuerdo;Muy en desacuerdo;En desacuerdo;Muy en desacuerdo;"VOTARÁ ""APRUEBO""";"VOTARÁ ""CONVENCIÓN CONSTITUCIONAL"" (100% electa)";Hombre;Región Metropolitana de Santiago;Maipu;19;2;4;7;8;3;13
De acuerdo;Muy de acuerdo;En desacuerdo;Muy de acuerdo;"VOTARÁ ""APRUEBO""";"VOTARÁ ""CONVENCIÓN CONSTITUCIONAL"" (100% electa)";Hombre;Región Metropolitana de Santiago;Peñalolen;27;4;1;9;10;2;18
En desacuerdo;En desacuerdo;De acuerdo;En desacuerdo;"VOTARÁ ""RECHAZO""";"VOTARÁ ""CONVENCIÓN MIXTA"" (50% elección popular, 50% congreso)";Hombre;VIII Región del Biobío;Chiguayante ;25;5;4;4;2;8;19
Muy de acuerdo;Muy de acuerdo;Neutral;Muy de acuerdo;"VOTARÁ ""APRUEBO""";"VOTARÁ ""CONVENCIÓN CONSTITUCIONAL"" (100% electa)";Hombre;Región Metropolitana de Santiago;San Bernardo;30;2;7;10;5;5;15
Muy de acuerdo;Muy de acuerdo;Muy de acuerdo;Muy de acuerdo;"VOTARÁ ""APRUEBO""";"VOTARÁ ""CONVENCIÓN CONSTITUCIONAL"" (100% electa)";Hombre;Región Metropolitana de Santiago;la Florida;31;2;7;10;5;6;14
Muy de acuerdo;Muy de acuerdo;Muy de acuerdo;Muy de acuerdo;"VOTARÁ ""APRUEBO""";"VOTARÁ ""CONVENCIÓN CONSTITUCIONAL"" (100% electa)";Hombre;Región Metropolitana de Santiago;La granja;25;2;9;5;9;8;12
De acuerdo;De acuerdo;En desacuerdo;De acuerdo;"VOTARÁ ""APRUEBO""";"VOTARÁ ""CONVENCIÓN CONSTITUCIONAL"" (100% electa)";Hombre;VIII Región del Biobío;Concepcion;28;3;5;5;8;3;18
En desacuerdo;De acuerdo;En desacuerdo;De acuerdo;"VOTARÁ ""APRUEBO""";"VOTARÁ ""CONVENCIÓN CONSTITUCIONAL"" (100% electa)";Mujer;X Región de Los Lagos;Puerto varas;28;2;2;2;9;2;20
Neutral;De acuerdo;Muy en desacuerdo;Neutral;"VOTARÁ ""APRUEBO""";"VOTARÁ ""CONVENCIÓN CONSTITUCIONAL"" (100% electa)";Hombre;VI Región del Libertador General Bernardo O’Higgins;Graneros;23;2;1;4;4;1;17
Muy en desacuerdo;Neutral;Muy en desacuerdo;Muy en desacuerdo;NO IRÁ A VOTAR;"VOTARÁ ""CONVENCIÓN CONSTITUCIONAL"" (100% electa)";Hombre;Región Metropolitana de Santiago;Puente Alto;20;2;1;4;5;1;14
Muy en desacuerdo;Muy en desacuerdo;Muy en desacuerdo;Muy en desacuerdo;"VOTARÁ ""APRUEBO""";"VOTARÁ ""CONVENCIÓN CONSTITUCIONAL"" (100% electa)";Hombre;Región Metropolitana de Santiago;Conchali;21;3;4;6;6;4;16
Neutral;De acuerdo;En desacuerdo;De acuerdo;"VOTARÁ ""APRUEBO""";"VOTARÁ ""CONVENCIÓN CONSTITUCIONAL"" (100% electa)";Hombre;Región Metropolitana de Santiago;Pudahuel Sur;23;2;1;5;5;2;19
Neutral;Muy de acuerdo;Neutral;Muy de acuerdo;"VOTARÁ ""APRUEBO""";"VOTARÁ ""CONVENCIÓN CONSTITUCIONAL"" (100% electa)";Mujer;Región Metropolitana de Santiago;Ñuñoa;23;2;1;5;9;1;16
Muy de acuerdo;Muy de acuerdo;Muy en desacuerdo;Muy de acuerdo;"VOTARÁ ""APRUEBO""";"VOTARÁ ""CONVENCIÓN CONSTITUCIONAL"" (100% electa)";Hombre;Región Metropolitana de Santiago;San Joaquín ;21;3;1;1;10;1;15
De acuerdo;De acuerdo;Muy en desacuerdo;De acuerdo;"VOTARÁ ""APRUEBO""";"VOTARÁ ""CONVENCIÓN CONSTITUCIONAL"" (100% electa)";Trans/No binario;Región Metropolitana de Santiago;La florida;23;2;3;4;9;3;16
De acuerdo;Muy de acuerdo;Neutral;Muy de acuerdo;"VOTARÁ ""APRUEBO""";"VOTARÁ ""CONVENCIÓN CONSTITUCIONAL"" (100% electa)";Hombre;Región Metropolitana de Santiago;Pudahuel ;22;4;1;3;7;1;16
De acuerdo;Muy de acuerdo;De acuerdo;De acuerdo;"VOTARÁ ""APRUEBO""";"VOTARÁ ""CONVENCIÓN CONSTITUCIONAL"" (100% electa)";Hombre;Región Metropolitana de Santiago;San Bernardo;38;2;4;4;8;3;18
En desacuerdo;En desacuerdo;Muy en desacuerdo;En desacuerdo;"VOTARÁ ""RECHAZO""";"VOTARÁ ""CONVENCIÓN MIXTA"" (50% elección popular, 50% congreso)";Hombre;Región Metropolitana de Santiago;Estacion central;30;3;10;10;2;9;18
Muy en desacuerdo;Muy de acuerdo;Muy en desacuerdo;Muy de acuerdo;"VOTARÁ ""APRUEBO""";"VOTARÁ ""CONVENCIÓN CONSTITUCIONAL"" (100% electa)";Hombre;VI Región del Libertador General Bernardo O’Higgins;Rancagua;26;4;10;10;10;1;19
De acuerdo;Muy de acuerdo;Neutral;De acuerdo;"VOTARÁ ""APRUEBO""";"VOTARÁ ""CONVENCIÓN CONSTITUCIONAL"" (100% electa)";Hombre;Región Metropolitana de Santiago;San Bernardo;24;2;8;4;8;3;15
Neutral;Muy de acuerdo;Muy en desacuerdo;Muy en desacuerdo;"VOTARÁ ""APRUEBO""";"VOTARÁ ""CONVENCIÓN CONSTITUCIONAL"" (100% electa)";Hombre;Región Metropolitana de Santiago;Maipú;21;3;9;5;8;2;14
De acuerdo;Muy de acuerdo;De acuerdo;De acuerdo;"VOTARÁ ""APRUEBO""";"VOTARÁ ""CONVENCIÓN CONSTITUCIONAL"" (100% electa)";Hombre;V Región de Valparaíso;Valparaíso ;29;2;4;3;5;3;19
Muy en desacuerdo;Muy en desacuerdo;En desacuerdo;Muy en desacuerdo;"VOTARÁ ""APRUEBO""";"VOTARÁ ""CONVENCIÓN CONSTITUCIONAL"" (100% electa)";Hombre;V Región de Valparaíso;Concón;21;3;1;5;7;4;15
Muy en desacuerdo;Muy de acuerdo;Muy en desacuerdo;En desacuerdo;"VOTARÁ ""APRUEBO""";"VOTARÁ ""CONVENCIÓN CONSTITUCIONAL"" (100% electa)";Hombre;V Región de Valparaíso;Viña del mar;29;3;1;1;10;1;19
De acuerdo;Muy de acuerdo;Muy en desacuerdo;De acuerdo;"VOTARÁ ""APRUEBO""";"VOTARÁ ""CONVENCIÓN CONSTITUCIONAL"" (100% electa)";Hombre;Región Metropolitana de Santiago;Huechuraba;29;2;5;5;8;3;15
De acuerdo;Muy de acuerdo;Muy de acuerdo;De acuerdo;"VOTARÁ ""APRUEBO""";"VOTARÁ ""CONVENCIÓN CONSTITUCIONAL"" (100% electa)";Hombre;Región Metropolitana de Santiago;Ñuñoa ;31;3;3;3;8;3;20
Muy en desacuerdo;En desacuerdo;Muy en desacuerdo;Muy en desacuerdo;"VOTARÁ ""RECHAZO""";"VOTARÁ ""NULO O BLANCO""";Hombre;II Región de Antofagasta;Calama;0;1;10;9;5;6;18
De acuerdo;De acuerdo;Neutral;De acuerdo;"VOTARÁ ""APRUEBO""";"VOTARÁ ""CONVENCIÓN CONSTITUCIONAL"" (100% electa)";Hombre;IV Región de Coquimbo;La Serena;37;5;4;4;8;4;22
Neutral;Muy de acuerdo;Muy en desacuerdo;De acuerdo;"VOTARÁ ""APRUEBO""";"VOTARÁ ""CONVENCIÓN CONSTITUCIONAL"" (100% electa)";Mujer;X Región de Los Lagos;Castro;25;2;3;5;9;2;17
Neutral;Muy de acuerdo;Muy en desacuerdo;Muy de acuerdo;"VOTARÁ ""APRUEBO""";"VOTARÁ ""CONVENCIÓN CONSTITUCIONAL"" (100% electa)";Hombre;VII Región del Maule;Parral;26;3;1;3;8;3;18
De acuerdo;Muy de acuerdo;De acuerdo;Muy de acuerdo;"VOTARÁ ""APRUEBO""";"VOTARÁ ""CONVENCIÓN MIXTA"" (50% elección popular, 50% congreso)";Hombre;V Región de Valparaíso;Viña del mar;37;3;3;7;8;2;18
Muy de acuerdo;Muy de acuerdo;Muy en desacuerdo;De acuerdo;"VOTARÁ ""APRUEBO""";"VOTARÁ ""CONVENCIÓN CONSTITUCIONAL"" (100% electa)";Mujer;Región Metropolitana de Santiago;Peñalolen;25;1;3;7;6;4;18
De acuerdo;Muy de acuerdo;Neutral;De acuerdo;"VOTARÁ ""APRUEBO""";"VOTARÁ ""CONVENCIÓN CONSTITUCIONAL"" (100% electa)";Trans/No binario;VIII Región del Biobío;Concepción ;20;3;1;3;4;3;13
Muy de acuerdo;Muy de acuerdo;Neutral;Muy de acuerdo;"VOTARÁ ""APRUEBO""";"VOTARÁ ""CONVENCIÓN CONSTITUCIONAL"" (100% electa)";Hombre;Región Metropolitana de Santiago;Puente alto;21;1;1;1;1;1;14
De acuerdo;Muy de acuerdo;Neutral;De acuerdo;"VOTARÁ ""APRUEBO""";"VOTARÁ ""CONVENCIÓN CONSTITUCIONAL"" (100% electa)";Hombre;Región Metropolitana de Santiago;ñuñoa;28;3;4;5;8;4;21
De acuerdo;De acuerdo;Muy en desacuerdo;De acuerdo;"VOTARÁ ""APRUEBO""";"VOTARÁ ""CONVENCIÓN CONSTITUCIONAL"" (100% electa)";Hombre;X Región de Los Lagos;Fresia ;25;2;1;5;8;3;18
Muy de acuerdo;Muy de acuerdo;Neutral;Muy de acuerdo;"VOTARÁ ""APRUEBO""";"VOTARÁ ""CONVENCIÓN CONSTITUCIONAL"" (100% electa)";Hombre;Región Metropolitana de Santiago;Pintana;27;1;1;6;6;5;21
En desacuerdo;De acuerdo;En desacuerdo;En desacuerdo;"VOTARÁ ""APRUEBO""";"VOTARÁ ""CONVENCIÓN CONSTITUCIONAL"" (100% electa)";Hombre;Región Metropolitana de Santiago;Santiago;26;4;7;10;4;4;19
De acuerdo;Muy de acuerdo;Neutral;De acuerdo;"VOTARÁ ""APRUEBO""";"VOTARÁ ""CONVENCIÓN CONSTITUCIONAL"" (100% electa)";Hombre;Región Metropolitana de Santiago;Pudahuel;16;3;4;3;7;4;11
De acuerdo;Muy de acuerdo;Muy en desacuerdo;Muy de acuerdo;"VOTARÁ ""APRUEBO""";"VOTARÁ ""CONVENCIÓN CONSTITUCIONAL"" (100% electa)";Hombre;Región Metropolitana de Santiago;Quilicura ;20;2;5;4;10;1;14
Muy de acuerdo;Muy de acuerdo;Muy en desacuerdo;Muy de acuerdo;"VOTARÁ ""APRUEBO""";"VOTARÁ ""CONVENCIÓN CONSTITUCIONAL"" (100% electa)";Hombre;Región Metropolitana de Santiago;Santiago;27;3;3;4;8;4;17
Muy de acuerdo;Muy de acuerdo;Muy en desacuerdo;Muy de acuerdo;"VOTARÁ ""APRUEBO""";"VOTARÁ ""CONVENCIÓN CONSTITUCIONAL"" (100% electa)";Mujer;Región Metropolitana de Santiago;Quilicura ;28;1;5;8;10;2;14
En desacuerdo;De acuerdo;De acuerdo;Muy de acuerdo;"VOTARÁ ""APRUEBO""";"VOTARÁ ""CONVENCIÓN CONSTITUCIONAL"" (100% electa)";Hombre;Región Metropolitana de Santiago;Puente Alto;27;2;4;7;3;8;16
Muy en desacuerdo;Muy en desacuerdo;Muy en desacuerdo;Muy en desacuerdo;"VOTARÁ ""RECHAZO""";"VOTARÁ ""CONVENCIÓN MIXTA"" (50% elección popular, 50% congreso)";Hombre;VII Región del Maule;Parral;33;3;6;5;10;8;17
Muy en desacuerdo;Muy en desacuerdo;En desacuerdo;En desacuerdo;"VOTARÁ ""RECHAZO""";"VOTARÁ ""CONVENCIÓN CONSTITUCIONAL"" (100% electa)";Hombre;XVI Región de Ñuble;Quillón;21;3;3;8;2;8;15
Muy de acuerdo;Muy de acuerdo;En desacuerdo;Muy de acuerdo;"VOTARÁ ""APRUEBO""";"VOTARÁ ""CONVENCIÓN CONSTITUCIONAL"" (100% electa)";Hombre;IX Región de La Araucanía;Temuco;20;3;4;3;8;2;15
De acuerdo;Muy de acuerdo;Neutral;Muy de acuerdo;"VOTARÁ ""APRUEBO""";"VOTARÁ ""CONVENCIÓN CONSTITUCIONAL"" (100% electa)";Mujer;Región Metropolitana de Santiago;Ñuñoa;19;3;4;6;5;3;14
Muy de acuerdo;Muy de acuerdo;En desacuerdo;De acuerdo;"VOTARÁ ""APRUEBO""";"VOTARÁ ""CONVENCIÓN CONSTITUCIONAL"" (100% electa)";Hombre;Región Metropolitana de Santiago;Puente alto;24;3;5;7;4;6;15
Muy de acuerdo;Muy de acuerdo;Neutral;Muy de acuerdo;"VOTARÁ ""APRUEBO""";"VOTARÁ ""CONVENCIÓN CONSTITUCIONAL"" (100% electa)";Hombre;Región Metropolitana de Santiago;Huechuraba;24;3;3;3;6;6;15
De acuerdo;Muy de acuerdo;Neutral;Muy de acuerdo;"VOTARÁ ""APRUEBO""";"VOTARÁ ""CONVENCIÓN CONSTITUCIONAL"" (100% electa)";Hombre;Región Metropolitana de Santiago;La Florida;28;4;4;6;9;3;20
De acuerdo;Muy de acuerdo;En desacuerdo;De acuerdo;"VOTARÁ ""APRUEBO""";"VOTARÁ ""CONVENCIÓN CONSTITUCIONAL"" (100% electa)";Trans/No binario;IX Región de La Araucanía;Temuco;26;4;1;4;8;3;17
Neutral;Neutral;Muy en desacuerdo;En desacuerdo;"VOTARÁ ""APRUEBO""";"VOTARÁ ""CONVENCIÓN CONSTITUCIONAL"" (100% electa)";Mujer;V Región de Valparaíso;Quillota;17;2;3;3;10;1;11
De acuerdo;Muy de acuerdo;Muy en desacuerdo;Muy de acuerdo;"VOTARÁ ""APRUEBO""";"VOTARÁ ""CONVENCIÓN CONSTITUCIONAL"" (100% electa)";Hombre;VI Región del Libertador General Bernardo O’Higgins;Chimbarongo;28;3;10;10;10;3;20
Neutral;Muy de acuerdo;En desacuerdo;Muy de acuerdo;"VOTARÁ ""APRUEBO""";"VOTARÁ ""CONVENCIÓN CONSTITUCIONAL"" (100% electa)";Mujer;VII Región del Maule;Teno;26;2;3;2;9;3;20
Muy en desacuerdo;De acuerdo;Muy en desacuerdo;En desacuerdo;"VOTARÁ ""APRUEBO""";"VOTARÁ ""CONVENCIÓN CONSTITUCIONAL"" (100% electa)";Mujer;V Región de Valparaíso;Concón;34;3;3;10;5;4;18
Neutral;De acuerdo;En desacuerdo;De acuerdo;"VOTARÁ ""RECHAZO""";"VOTARÁ ""CONVENCIÓN MIXTA"" (50% elección popular, 50% congreso)";Hombre;Región Metropolitana de Santiago;Macul;21;3;7;4;8;6;15
En desacuerdo;Muy de acuerdo;Muy en desacuerdo;En desacuerdo;"VOTARÁ ""APRUEBO""";"VOTARÁ ""CONVENCIÓN CONSTITUCIONAL"" (100% electa)";Hombre;Región Metropolitana de Santiago;Independencia;28;3;7;7;8;1;19
Muy de acuerdo;Muy de acuerdo;En desacuerdo;Muy de acuerdo;"VOTARÁ ""APRUEBO""";"VOTARÁ ""CONVENCIÓN CONSTITUCIONAL"" (100% electa)";Hombre;XVI Región de Ñuble;Chillán;28;3;2;5;8;2;18
Neutral;De acuerdo;En desacuerdo;Neutral;"VOTARÁ ""APRUEBO""";"VOTARÁ ""CONVENCIÓN CONSTITUCIONAL"" (100% electa)";Hombre;Región Metropolitana de Santiago;Lo Prado;26;2;1;7;9;2;17
De acuerdo;Muy de acuerdo;En desacuerdo;De acuerdo;"VOTARÁ ""APRUEBO""";"VOTARÁ ""CONVENCIÓN CONSTITUCIONAL"" (100% electa)";Hombre;VIII Región del Biobío;Talcahuano ;32;3;5;4;6;4;17
Neutral;Neutral;Muy en desacuerdo;Neutral;"VOTARÁ ""APRUEBO""";"VOTARÁ ""CONVENCIÓN CONSTITUCIONAL"" (100% electa)";Hombre;V Región de Valparaíso;Viña del Mar;36;2;1;8;5;2;17
Neutral;Neutral;En desacuerdo;Neutral;"VOTARÁ ""APRUEBO""";"VOTARÁ ""CONVENCIÓN CONSTITUCIONAL"" (100% electa)";Hombre;Región Metropolitana de Santiago;San Miguel;30;2;7;8;7;1;20
Muy de acuerdo;De acuerdo;En desacuerdo;Muy de acuerdo;"VOTARÁ ""APRUEBO""";"VOTARÁ ""CONVENCIÓN CONSTITUCIONAL"" (100% electa)";Mujer;V Región de Valparaíso;Quillota;53;3;6;6;7;6;18
Muy de acuerdo;Muy de acuerdo;En desacuerdo;Muy de acuerdo;"VOTARÁ ""APRUEBO""";"VOTARÁ ""CONVENCIÓN MIXTA"" (50% elección popular, 50% congreso)";Hombre;Región Metropolitana de Santiago;Ñuñoa;29;2;5;1;8;1;19
En desacuerdo;Neutral;Muy en desacuerdo;En desacuerdo;"VOTARÁ ""APRUEBO""";"VOTARÁ ""CONVENCIÓN CONSTITUCIONAL"" (100% electa)";Mujer;IV Región de Coquimbo;Los Vilos ;26;3;1;1;10;1;18
De acuerdo;Muy de acuerdo;Muy en desacuerdo;Neutral;"VOTARÁ ""APRUEBO""";"VOTARÁ ""CONVENCIÓN CONSTITUCIONAL"" (100% electa)";Hombre;VI Región del Libertador General Bernardo O’Higgins;Rancagua;25;4;6;7;10;1;14
Muy de acuerdo;Muy de acuerdo;De acuerdo;De acuerdo;"VOTARÁ ""APRUEBO""";"VOTARÁ ""CONVENCIÓN CONSTITUCIONAL"" (100% electa)";Hombre;IV Región de Coquimbo;La serena;32;3;4;1;9;3;17
Muy en desacuerdo;Muy en desacuerdo;En desacuerdo;Muy en desacuerdo;"VOTARÁ ""APRUEBO""";"VOTARÁ ""CONVENCIÓN CONSTITUCIONAL"" (100% electa)";Hombre;Región Metropolitana de Santiago;Santiago;27;2;6;5;7;3;16
Neutral;De acuerdo;En desacuerdo;De acuerdo;"VOTARÁ ""APRUEBO""";"VOTARÁ ""CONVENCIÓN CONSTITUCIONAL"" (100% electa)";Hombre;Región Metropolitana de Santiago;Independencia ;23;3;5;2;8;3;17
Muy de acuerdo;Muy de acuerdo;Muy en desacuerdo;Muy de acuerdo;"VOTARÁ ""APRUEBO""";"VOTARÁ ""CONVENCIÓN CONSTITUCIONAL"" (100% electa)";Hombre;IV Región de Coquimbo;Paihuano;63;3;3;5;7;3;19
De acuerdo;Muy de acuerdo;Muy en desacuerdo;Muy de acuerdo;"VOTARÁ ""APRUEBO""";"VOTARÁ ""CONVENCIÓN CONSTITUCIONAL"" (100% electa)";Hombre;Región Metropolitana de Santiago;San José de Maipo;20;3;6;6;6;6;15
De acuerdo;De acuerdo;Neutral;Neutral;"VOTARÁ ""APRUEBO""";"VOTARÁ ""CONVENCIÓN MIXTA"" (50% elección popular, 50% congreso)";Hombre;Región Metropolitana de Santiago;Las Condes;23;3;6;8;3;7;17
En desacuerdo;En desacuerdo;En desacuerdo;En desacuerdo;"VOTARÁ ""RECHAZO""";"VOTARÁ ""NULO O BLANCO""";Hombre;Región Metropolitana de Santiago;Maipú;22;3;3;10;3;8;17
De acuerdo;Muy de acuerdo;En desacuerdo;Neutral;"VOTARÁ ""APRUEBO""";"VOTARÁ ""CONVENCIÓN CONSTITUCIONAL"" (100% electa)";Mujer;V Región de Valparaíso;Quilpué ;25;2;6;3;7;4;18
De acuerdo;Muy de acuerdo;En desacuerdo;Neutral;"VOTARÁ ""APRUEBO""";"VOTARÁ ""CONVENCIÓN CONSTITUCIONAL"" (100% electa)";Hombre;Región Metropolitana de Santiago;La Cisterna ;27;3;4;4;5;4;20
Muy de acuerdo;Muy de acuerdo;Neutral;Muy de acuerdo;"VOTARÁ ""APRUEBO""";"VOTARÁ ""CONVENCIÓN CONSTITUCIONAL"" (100% electa)";Mujer;Región Metropolitana de Santiago;Santiago ;37;3;3;5;8;3;21
Muy de acuerdo;Muy de acuerdo;De acuerdo;Muy de acuerdo;"VOTARÁ ""APRUEBO""";"VOTARÁ ""CONVENCIÓN CONSTITUCIONAL"" (100% electa)";Hombre;Región Metropolitana de Santiago;La Reina;20;4;3;4;6;3;14
De acuerdo;Muy de acuerdo;Neutral;Muy de acuerdo;"VOTARÁ ""APRUEBO""";"VOTARÁ ""CONVENCIÓN CONSTITUCIONAL"" (100% electa)";Mujer;IV Región de Coquimbo;La serena;33;3;4;5;6;4;20
De acuerdo;Muy de acuerdo;Muy en desacuerdo;Muy de acuerdo;"VOTARÁ ""APRUEBO""";"VOTARÁ ""CONVENCIÓN CONSTITUCIONAL"" (100% electa)";Hombre;Región Metropolitana de Santiago;La Reina ;26;4;3;8;8;2;18
En desacuerdo;Muy de acuerdo;Muy en desacuerdo;Neutral;"VOTARÁ ""APRUEBO""";"VOTARÁ ""CONVENCIÓN CONSTITUCIONAL"" (100% electa)";Hombre;Región Metropolitana de Santiago;Ñuñoa;24;4;3;4;4;4;17
Muy de acuerdo;Muy de acuerdo;De acuerdo;Muy de acuerdo;"VOTARÁ ""APRUEBO""";"VOTARÁ ""CONVENCIÓN CONSTITUCIONAL"" (100% electa)";Hombre;Región Metropolitana de Santiago;La Reina ;19;2;3;8;4;3;13
Muy de acuerdo;Muy de acuerdo;En desacuerdo;Muy de acuerdo;"VOTARÁ ""APRUEBO""";"VOTARÁ ""CONVENCIÓN CONSTITUCIONAL"" (100% electa)";Hombre;Región Metropolitana de Santiago;puente alto;27;3;3;1;8;3;17
De acuerdo;Muy de acuerdo;Neutral;Muy de acuerdo;"VOTARÁ ""APRUEBO""";"VOTARÁ ""CONVENCIÓN CONSTITUCIONAL"" (100% electa)";Hombre;VII Región del Maule;Talca;26;4;5;7;6;3;19
En desacuerdo;Neutral;Muy en desacuerdo;Neutral;NO IRÁ A VOTAR;NO IRÁ A VOTAR;Prefiero no decirlo;Región Metropolitana de Santiago;la florida;24;2;2;2;8;2;17
Neutral;Muy en desacuerdo;En desacuerdo;En desacuerdo;"VOTARÁ ""APRUEBO""";"VOTARÁ ""CONVENCIÓN CONSTITUCIONAL"" (100% electa)";Hombre;Región Metropolitana de Santiago;Pedro aguirre cerda;27;3;1;10;6;1;18
De acuerdo;Muy de acuerdo;Muy en desacuerdo;Muy de acuerdo;"VOTARÁ ""APRUEBO""";"VOTARÁ ""CONVENCIÓN CONSTITUCIONAL"" (100% electa)";Hombre;Región Metropolitana de Santiago;Pedro aguirre cerda ;21;3;1;1;10;2;15
Muy de acuerdo;De acuerdo;Muy en desacuerdo;Neutral;"VOTARÁ ""APRUEBO""";"VOTARÁ ""CONVENCIÓN CONSTITUCIONAL"" (100% electa)";Mujer;VII Región del Maule;Curico;45;3;5;7;6;6;17
Muy en desacuerdo;Muy en desacuerdo;Muy en desacuerdo;Muy en desacuerdo;"VOTARÁ ""APRUEBO""";"VOTARÁ ""CONVENCIÓN CONSTITUCIONAL"" (100% electa)";Mujer;Región Metropolitana de Santiago;Recoleta ;31;3;1;5;8;2;19
Muy de acuerdo;Muy de acuerdo;Neutral;Muy de acuerdo;"VOTARÁ ""APRUEBO""";"VOTARÁ ""CONVENCIÓN CONSTITUCIONAL"" (100% electa)";Hombre;Región Metropolitana de Santiago;puente alto;23;2;2;7;8;2;16
Neutral;Muy de acuerdo;Muy en desacuerdo;Neutral;"VOTARÁ ""APRUEBO""";"VOTARÁ ""CONVENCIÓN CONSTITUCIONAL"" (100% electa)";Hombre;Región Metropolitana de Santiago;Santiago ;21;4;7;5;1;2;15
En desacuerdo;Muy de acuerdo;Muy en desacuerdo;De acuerdo;"VOTARÁ ""APRUEBO""";"VOTARÁ ""CONVENCIÓN CONSTITUCIONAL"" (100% electa)";Hombre;III Región de Atacama;Copiapo;19;4;3;3;7;2;12
De acuerdo;Muy de acuerdo;Muy en desacuerdo;De acuerdo;"VOTARÁ ""APRUEBO""";"VOTARÁ ""CONVENCIÓN CONSTITUCIONAL"" (100% electa)";Mujer;XV Región de Arica y Parinacota;Arica;20;4;1;5;10;1;13
Muy en desacuerdo;Muy en desacuerdo;En desacuerdo;Muy en desacuerdo;"VOTARÁ ""APRUEBO""";"VOTARÁ ""CONVENCIÓN CONSTITUCIONAL"" (100% electa)";Hombre;X Región de Los Lagos;Osorno;26;3;4;6;6;3;18
En desacuerdo;En desacuerdo;En desacuerdo;En desacuerdo;"VOTARÁ ""RECHAZO""";"VOTARÁ ""CONVENCIÓN MIXTA"" (50% elección popular, 50% congreso)";Hombre;VIII Región del Biobío;chiguayante;31;3;1;5;2;5;18
Neutral;Muy de acuerdo;En desacuerdo;De acuerdo;"VOTARÁ ""APRUEBO""";"VOTARÁ ""CONVENCIÓN CONSTITUCIONAL"" (100% electa)";Hombre;Región Metropolitana de Santiago;Las Condes;31;4;4;6;6;1;20
De acuerdo;Muy de acuerdo;En desacuerdo;Muy de acuerdo;"VOTARÁ ""APRUEBO""";"VOTARÁ ""CONVENCIÓN CONSTITUCIONAL"" (100% electa)";Hombre;XIV Región de Los Ríos;Valdivia ;42;1;10;7;10;1;19
En desacuerdo;Neutral;En desacuerdo;Neutral;"VOTARÁ ""APRUEBO""";"VOTARÁ ""CONVENCIÓN CONSTITUCIONAL"" (100% electa)";Hombre;Región Metropolitana de Santiago;Santiago ;32;3;3;5;5;1;24
Neutral;Muy de acuerdo;En desacuerdo;De acuerdo;"VOTARÁ ""APRUEBO""";"VOTARÁ ""CONVENCIÓN CONSTITUCIONAL"" (100% electa)";Hombre;Región Metropolitana de Santiago;La Reina;22;4;7;8;5;3;16
En desacuerdo;Neutral;Muy en desacuerdo;Neutral;"VOTARÁ ""APRUEBO""";"VOTARÁ ""CONVENCIÓN CONSTITUCIONAL"" (100% electa)";Hombre;Región Metropolitana de Santiago;Maipu;19;3;2;1;9;2;13
De acuerdo;Muy de acuerdo;Neutral;De acuerdo;"VOTARÁ ""APRUEBO""";"VOTARÁ ""CONVENCIÓN CONSTITUCIONAL"" (100% electa)";Hombre;Región Metropolitana de Santiago;Santiago ;28;3;6;7;8;4;18
En desacuerdo;Muy de acuerdo;Muy en desacuerdo;De acuerdo;"VOTARÁ ""APRUEBO""";"VOTARÁ ""CONVENCIÓN CONSTITUCIONAL"" (100% electa)";Hombre;X Región de Los Lagos;Osorno;30;3;5;3;3;2;19
De acuerdo;Muy de acuerdo;En desacuerdo;Muy de acuerdo;"VOTARÁ ""APRUEBO""";"VOTARÁ ""CONVENCIÓN CONSTITUCIONAL"" (100% electa)";Hombre;V Región de Valparaíso;Villa Alemana;30;4;3;3;7;2;20
Neutral;Muy de acuerdo;En desacuerdo;Neutral;"VOTARÁ ""APRUEBO""";"VOTARÁ ""CONVENCIÓN CONSTITUCIONAL"" (100% electa)";Hombre;Región Metropolitana de Santiago;Las condes ;38;4;7;5;5;4;20
Muy en desacuerdo;Muy en desacuerdo;De acuerdo;Muy en desacuerdo;"VOTARÁ ""APRUEBO""";"VOTARÁ ""CONVENCIÓN CONSTITUCIONAL"" (100% electa)";Hombre;Región Metropolitana de Santiago;La Reina;19;4;7;1;4;4;13
De acuerdo;Muy de acuerdo;En desacuerdo;De acuerdo;"VOTARÁ ""APRUEBO""";"VOTARÁ ""CONVENCIÓN CONSTITUCIONAL"" (100% electa)";Mujer;V Región de Valparaíso;Valparaiso;27;3;3;2;7;3;19
Muy de acuerdo;Muy de acuerdo;Neutral;Muy de acuerdo;"VOTARÁ ""APRUEBO""";"VOTARÁ ""CONVENCIÓN MIXTA"" (50% elección popular, 50% congreso)";Hombre;II Región de Antofagasta;Antofagasta;24;3;4;5;7;3;16
De acuerdo;De acuerdo;Neutral;De acuerdo;"VOTARÁ ""APRUEBO""";"VOTARÁ ""CONVENCIÓN CONSTITUCIONAL"" (100% electa)";Mujer;Región Metropolitana de Santiago;Lo prado;19;2;5;4;8;5;13
Muy de acuerdo;Muy de acuerdo;De acuerdo;Neutral;"VOTARÁ ""APRUEBO""";"VOTARÁ ""CONVENCIÓN CONSTITUCIONAL"" (100% electa)";Hombre;Región Metropolitana de Santiago;Lampa;28;2;1;5;10;4;19
De acuerdo;Muy de acuerdo;Muy en desacuerdo;Neutral;"VOTARÁ ""APRUEBO""";"VOTARÁ ""CONVENCIÓN CONSTITUCIONAL"" (100% electa)";Hombre;V Región de Valparaíso;Quillota;21;1;3;5;8;2;16
Muy de acuerdo;Muy de acuerdo;Muy de acuerdo;Muy de acuerdo;"VOTARÁ ""APRUEBO""";"VOTARÁ ""CONVENCIÓN MIXTA"" (50% elección popular, 50% congreso)";Hombre;Región Metropolitana de Santiago;Ñuñoa;25;3;8;3;4;7;18
De acuerdo;Muy de acuerdo;Neutral;De acuerdo;"VOTARÁ ""APRUEBO""";"VOTARÁ ""CONVENCIÓN CONSTITUCIONAL"" (100% electa)";Mujer;Región Metropolitana de Santiago;Santiago centro;25;3;2;4;4;4;18
De acuerdo;De acuerdo;En desacuerdo;Muy de acuerdo;"VOTARÁ ""APRUEBO""";"VOTARÁ ""CONVENCIÓN CONSTITUCIONAL"" (100% electa)";Hombre;X Región de Los Lagos;Osorno;29;2;2;5;7;3;17
Muy en desacuerdo;En desacuerdo;Muy en desacuerdo;Muy en desacuerdo;NO IRÁ A VOTAR;NO IRÁ A VOTAR;Hombre;Región Metropolitana de Santiago;Maipu;21;2;1;2;2;1;15
Muy de acuerdo;Muy de acuerdo;En desacuerdo;Muy de acuerdo;"VOTARÁ ""APRUEBO""";"VOTARÁ ""CONVENCIÓN CONSTITUCIONAL"" (100% electa)";Hombre;I. Región de Tarapacá;Iquique ;47;1;5;5;10;2;26
Muy de acuerdo;Muy de acuerdo;Muy de acuerdo;Muy de acuerdo;"VOTARÁ ""APRUEBO""";"VOTARÁ ""CONVENCIÓN CONSTITUCIONAL"" (100% electa)";Hombre;Región Metropolitana de Santiago;El bosque;24;3;3;4;7;3;17
Muy en desacuerdo;Muy en desacuerdo;Muy en desacuerdo;Muy en desacuerdo;"VOTARÁ ""APRUEBO""";"VOTARÁ ""CONVENCIÓN CONSTITUCIONAL"" (100% electa)";Hombre;VIII Región del Biobío;Coronel;32;3;5;4;6;5;18
Neutral;Muy de acuerdo;Muy en desacuerdo;En desacuerdo;"VOTARÁ ""APRUEBO""";"VOTARÁ ""CONVENCIÓN CONSTITUCIONAL"" (100% electa)";Hombre;V Región de Valparaíso;Valparaíso;22;3;2;6;6;1;17
De acuerdo;De acuerdo;Muy en desacuerdo;Muy de acuerdo;"VOTARÁ ""APRUEBO""";"VOTARÁ ""CONVENCIÓN CONSTITUCIONAL"" (100% electa)";Hombre;V Región de Valparaíso;Quilpué ;41;2;8;8;8;2;20
Muy de acuerdo;Muy de acuerdo;De acuerdo;Muy de acuerdo;"VOTARÁ ""APRUEBO""";"VOTARÁ ""CONVENCIÓN CONSTITUCIONAL"" (100% electa)";Hombre;Región Metropolitana de Santiago;San Bernardo ;40;2;2;10;5;2;15
De acuerdo;Muy de acuerdo;Muy en desacuerdo;De acuerdo;"VOTARÁ ""APRUEBO""";"VOTARÁ ""CONVENCIÓN CONSTITUCIONAL"" (100% electa)";Hombre;Región Metropolitana de Santiago;santiago;28;3;5;6;6;3;20
De acuerdo;Muy de acuerdo;En desacuerdo;De acuerdo;"VOTARÁ ""APRUEBO""";"VOTARÁ ""CONVENCIÓN CONSTITUCIONAL"" (100% electa)";Hombre;Región Metropolitana de Santiago;providencia;20;4;5;4;8;3;13
De acuerdo;Muy de acuerdo;Neutral;Muy de acuerdo;"VOTARÁ ""APRUEBO""";"VOTARÁ ""CONVENCIÓN CONSTITUCIONAL"" (100% electa)";Hombre;IX Región de La Araucanía;Temuco;28;4;1;7;7;2;17
Muy de acuerdo;Muy de acuerdo;De acuerdo;Muy de acuerdo;"VOTARÁ ""APRUEBO""";"VOTARÁ ""CONVENCIÓN CONSTITUCIONAL"" (100% electa)";Hombre;IV Región de Coquimbo;La Serems;44;3;4;3;8;3;20
Neutral;De acuerdo;De acuerdo;Muy de acuerdo;"VOTARÁ ""APRUEBO""";"VOTARÁ ""CONVENCIÓN CONSTITUCIONAL"" (100% electa)";Trans/No binario;V Región de Valparaíso;Villa Alemana;20;2;5;4;8;3;15
De acuerdo;De acuerdo;En desacuerdo;Muy de acuerdo;"VOTARÁ ""APRUEBO""";"VOTARÁ ""CONVENCIÓN CONSTITUCIONAL"" (100% electa)";Mujer;IV Región de Coquimbo;Coquimbo;21;3;1;2;8;5;14
De acuerdo;Muy de acuerdo;En desacuerdo;Muy de acuerdo;"VOTARÁ ""APRUEBO""";"VOTARÁ ""CONVENCIÓN CONSTITUCIONAL"" (100% electa)";Hombre;V Región de Valparaíso;Limache;26;3;4;5;6;3;20
De acuerdo;De acuerdo;Neutral;De acuerdo;"VOTARÁ ""APRUEBO""";"VOTARÁ ""CONVENCIÓN CONSTITUCIONAL"" (100% electa)";Hombre;V Región de Valparaíso;Quilpué ;23;4;8;5;10;3;17
En desacuerdo;Muy de acuerdo;Muy en desacuerdo;Neutral;"VOTARÁ ""APRUEBO""";"VOTARÁ ""CONVENCIÓN CONSTITUCIONAL"" (100% electa)";Hombre;Región Metropolitana de Santiago;Peñalolen;27;2;1;10;5;1;18
Muy en desacuerdo;Muy en desacuerdo;Muy en desacuerdo;Muy en desacuerdo;"VOTARÁ ""RECHAZO""";"VOTARÁ ""CONVENCIÓN MIXTA"" (50% elección popular, 50% congreso)";Hombre;Región Metropolitana de Santiago;Maipú;22;4;5;4;2;8;18
Muy en desacuerdo;En desacuerdo;Muy en desacuerdo;Muy en desacuerdo;"VOTARÁ ""APRUEBO""";"VOTARÁ ""CONVENCIÓN CONSTITUCIONAL"" (100% electa)";Hombre;II Región de Antofagasta;Antofagasta ;38;2;1;6;7;3;18
De acuerdo;De acuerdo;Muy en desacuerdo;De acuerdo;"VOTARÁ ""APRUEBO""";"VOTARÁ ""CONVENCIÓN CONSTITUCIONAL"" (100% electa)";Hombre;Región Metropolitana de Santiago;San Joaquin;25;2;8;10;10;1;17
Muy en desacuerdo;Muy en desacuerdo;Muy en desacuerdo;Muy en desacuerdo;"VOTARÁ ""RECHAZO""";"VOTARÁ ""CONVENCIÓN CONSTITUCIONAL"" (100% electa)";Hombre;Región Metropolitana de Santiago;Las Condes;24;4;3;6;4;4;17
Muy de acuerdo;Muy de acuerdo;Muy de acuerdo;Muy de acuerdo;"VOTARÁ ""APRUEBO""";"VOTARÁ ""CONVENCIÓN CONSTITUCIONAL"" (100% electa)";Hombre;XVI Región de Ñuble;Coihueco;47;4;1;7;10;5;17
De acuerdo;Muy de acuerdo;En desacuerdo;De acuerdo;"VOTARÁ ""APRUEBO""";"VOTARÁ ""CONVENCIÓN CONSTITUCIONAL"" (100% electa)";Otro;Región Metropolitana de Santiago;Quilicura;18;3;1;5;10;3;12
En desacuerdo;Muy en desacuerdo;En desacuerdo;Muy en desacuerdo;"VOTARÁ ""APRUEBO""";"VOTARÁ ""CONVENCIÓN MIXTA"" (50% elección popular, 50% congreso)";Mujer;V Región de Valparaíso;los andes;21;3;2;3;6;4;15
Muy de acuerdo;Muy de acuerdo;De acuerdo;Muy de acuerdo;"VOTARÁ ""APRUEBO""";"VOTARÁ ""CONVENCIÓN CONSTITUCIONAL"" (100% electa)";Hombre;Región Metropolitana de Santiago;Santiago;23;3;5;8;8;4;17
De acuerdo;Muy de acuerdo;En desacuerdo;Muy de acuerdo;"VOTARÁ ""APRUEBO""";"VOTARÁ ""CONVENCIÓN CONSTITUCIONAL"" (100% electa)";Hombre;Región Metropolitana de Santiago;Santiago Centro;20;3;4;5;7;3;15
Muy de acuerdo;Muy en desacuerdo;Muy en desacuerdo;Muy de acuerdo;"VOTARÁ ""APRUEBO""";"VOTARÁ ""CONVENCIÓN CONSTITUCIONAL"" (100% electa)";Hombre;VIII Región del Biobío;Coronel ;27;2;1;5;10;1;17
Muy en desacuerdo;Muy en desacuerdo;Muy en desacuerdo;Muy en desacuerdo;NO IRÁ A VOTAR;NO IRÁ A VOTAR;Hombre;Región Metropolitana de Santiago;Pudahuel sur;18;2;8;8;10;1;13
Neutral;Muy de acuerdo;En desacuerdo;De acuerdo;"VOTARÁ ""APRUEBO""";"VOTARÁ ""CONVENCIÓN CONSTITUCIONAL"" (100% electa)";Hombre;Región Metropolitana de Santiago;San Miguel;26;4;5;9;8;2;18
Muy en desacuerdo;Muy en desacuerdo;Muy en desacuerdo;Muy en desacuerdo;"VOTARÁ ""APRUEBO""";"VOTARÁ ""CONVENCIÓN CONSTITUCIONAL"" (100% electa)";Hombre;XV Región de Arica y Parinacota;Arica;20;2;3;8;5;4;14
Neutral;Muy de acuerdo;Muy en desacuerdo;Neutral;"VOTARÁ ""APRUEBO""";"VOTARÁ ""CONVENCIÓN CONSTITUCIONAL"" (100% electa)";Hombre;IX Región de La Araucanía;temuco;25;3;5;3;8;1;19
Neutral;Muy de acuerdo;En desacuerdo;Neutral;"VOTARÁ ""APRUEBO""";"VOTARÁ ""CONVENCIÓN CONSTITUCIONAL"" (100% electa)";Hombre;Región Metropolitana de Santiago;san miguiel;33;4;4;3;4;4;20
Muy en desacuerdo;De acuerdo;Muy en desacuerdo;Neutral;"VOTARÁ ""APRUEBO""";"VOTARÁ ""CONVENCIÓN CONSTITUCIONAL"" (100% electa)";Hombre;V Región de Valparaíso;San Antonio ;22;3;2;4;7;3;15
Muy en desacuerdo;Muy en desacuerdo;Muy en desacuerdo;Muy en desacuerdo;"VOTARÁ ""RECHAZO""";"VOTARÁ ""CONVENCIÓN MIXTA"" (50% elección popular, 50% congreso)";Hombre;II Región de Antofagasta;Antofagasta;29;3;5;10;10;10;19
Muy de acuerdo;Muy de acuerdo;Neutral;Muy de acuerdo;"VOTARÁ ""APRUEBO""";"VOTARÁ ""CONVENCIÓN CONSTITUCIONAL"" (100% electa)";Mujer;V Región de Valparaíso;Quilpué ;28;3;1;8;7;2;19
De acuerdo;Muy de acuerdo;Muy en desacuerdo;Muy de acuerdo;"VOTARÁ ""APRUEBO""";"VOTARÁ ""CONVENCIÓN CONSTITUCIONAL"" (100% electa)";Hombre;Región Metropolitana de Santiago;Santiago;26;4;1;1;10;2;19
Neutral;Muy de acuerdo;En desacuerdo;De acuerdo;"VOTARÁ ""APRUEBO""";"VOTARÁ ""CONVENCIÓN CONSTITUCIONAL"" (100% electa)";Hombre;Región Metropolitana de Santiago;Macul;24;4;4;1;8;2;17
En desacuerdo;Muy en desacuerdo;Muy en desacuerdo;Muy en desacuerdo;"VOTARÁ ""APRUEBO""";"VOTARÁ ""CONVENCIÓN CONSTITUCIONAL"" (100% electa)";Hombre;Región Metropolitana de Santiago;Santiago;35;4;8;9;6;4;18
De acuerdo;De acuerdo;En desacuerdo;Neutral;"VOTARÁ ""APRUEBO""";"VOTARÁ ""CONVENCIÓN CONSTITUCIONAL"" (100% electa)";Hombre;Región Metropolitana de Santiago;Las Condes;21;4;4;5;9;2;14
Neutral;Muy de acuerdo;Muy en desacuerdo;De acuerdo;"VOTARÁ ""APRUEBO""";"VOTARÁ ""CONVENCIÓN CONSTITUCIONAL"" (100% electa)";Hombre;XVI Región de Ñuble;Chillán;25;3;4;7;7;3;18
En desacuerdo;De acuerdo;En desacuerdo;Muy de acuerdo;"VOTARÁ ""APRUEBO""";"VOTARÁ ""CONVENCIÓN CONSTITUCIONAL"" (100% electa)";Prefiero no decirlo;Región Metropolitana de Santiago;Huechuraba;31;2;2;2;8;3;18
Neutral;De acuerdo;En desacuerdo;Neutral;"VOTARÁ ""APRUEBO""";"VOTARÁ ""CONVENCIÓN CONSTITUCIONAL"" (100% electa)";Hombre;XIV Región de Los Ríos;Valdivia;21;3;7;1;8;2;15
En desacuerdo;Muy de acuerdo;En desacuerdo;Muy de acuerdo;"VOTARÁ ""APRUEBO""";"VOTARÁ ""CONVENCIÓN CONSTITUCIONAL"" (100% electa)";Mujer;Región Metropolitana de Santiago;Buin;21;3;3;4;7;3;14
De acuerdo;Muy de acuerdo;En desacuerdo;De acuerdo;"VOTARÁ ""APRUEBO""";"VOTARÁ ""CONVENCIÓN CONSTITUCIONAL"" (100% electa)";Hombre;VIII Región del Biobío;Cabrero;24;1;5;4;10;2;15
De acuerdo;Muy de acuerdo;En desacuerdo;De acuerdo;"VOTARÁ ""APRUEBO""";"VOTARÁ ""CONVENCIÓN CONSTITUCIONAL"" (100% electa)";Hombre;Región Metropolitana de Santiago;La Florida;24;4;1;5;7;3;17
Muy en desacuerdo;Muy en desacuerdo;En desacuerdo;Muy en desacuerdo;"VOTARÁ ""APRUEBO""";"VOTARÁ ""CONVENCIÓN MIXTA"" (50% elección popular, 50% congreso)";Hombre;Región Metropolitana de Santiago;Conchali;25;2;1;1;10;4;17
Muy en desacuerdo;Muy en desacuerdo;En desacuerdo;Muy en desacuerdo;"VOTARÁ ""APRUEBO""";"VOTARÁ ""CONVENCIÓN CONSTITUCIONAL"" (100% electa)";Hombre;VIII Región del Biobío;HUALPEN;24;1;1;3;8;2;16
De acuerdo;Muy de acuerdo;Muy en desacuerdo;Muy de acuerdo;"VOTARÁ ""APRUEBO""";"VOTARÁ ""CONVENCIÓN CONSTITUCIONAL"" (100% electa)";Mujer;Región Metropolitana de Santiago;Las Condes;23;4;6;1;8;2;17
Neutral;De acuerdo;Neutral;De acuerdo;"VOTARÁ ""APRUEBO""";"VOTARÁ ""CONVENCIÓN CONSTITUCIONAL"" (100% electa)";Hombre;Región Metropolitana de Santiago;Provi;18;4;2;4;7;3;13
Muy de acuerdo;Muy de acuerdo;Neutral;Muy de acuerdo;"VOTARÁ ""APRUEBO""";"VOTARÁ ""CONVENCIÓN CONSTITUCIONAL"" (100% electa)";Hombre;Región Metropolitana de Santiago;Santiago;24;3;2;2;8;1;18
En desacuerdo;Muy en desacuerdo;En desacuerdo;En desacuerdo;"VOTARÁ ""APRUEBO""";"VOTARÁ ""CONVENCIÓN MIXTA"" (50% elección popular, 50% congreso)";Hombre;XII Región de Magallanes y Antártica Chilena;Punta Arenas ;24;4;7;6;5;5;17
Neutral;Muy de acuerdo;En desacuerdo;De acuerdo;"VOTARÁ ""APRUEBO""";"VOTARÁ ""CONVENCIÓN CONSTITUCIONAL"" (100% electa)";Hombre;Región Metropolitana de Santiago;santiago;33;2;6;3;8;3;16
En desacuerdo;Muy en desacuerdo;En desacuerdo;En desacuerdo;"VOTARÁ ""APRUEBO""";"VOTARÁ ""CONVENCIÓN CONSTITUCIONAL"" (100% electa)";Hombre;V Región de Valparaíso;Los andes;28;2;1;1;5;1;18
Muy en desacuerdo;Muy de acuerdo;Muy en desacuerdo;En desacuerdo;"VOTARÁ ""APRUEBO""";"VOTARÁ ""CONVENCIÓN CONSTITUCIONAL"" (100% electa)";Prefiero no decirlo;Región Metropolitana de Santiago;Macul;26;3;10;8;5;4;19
De acuerdo;De acuerdo;En desacuerdo;De acuerdo;"VOTARÁ ""APRUEBO""";"VOTARÁ ""CONVENCIÓN CONSTITUCIONAL"" (100% electa)";Hombre;Región Metropolitana de Santiago;Ñuñoa;31;4;3;2;7;2;18
Muy de acuerdo;Muy de acuerdo;Muy en desacuerdo;Muy de acuerdo;"VOTARÁ ""APRUEBO""";"VOTARÁ ""CONVENCIÓN MIXTA"" (50% elección popular, 50% congreso)";Hombre;V Región de Valparaíso;La Ligua;23;3;3;1;6;5;16
Muy en desacuerdo;Muy en desacuerdo;Muy en desacuerdo;En desacuerdo;"VOTARÁ ""APRUEBO""";"VOTARÁ ""CONVENCIÓN CONSTITUCIONAL"" (100% electa)";Hombre;Región Metropolitana de Santiago;Independencia;34;5;5;5;5;1;16
Neutral;En desacuerdo;Muy en desacuerdo;Neutral;"VOTARÁ ""RECHAZO""";"VOTARÁ ""CONVENCIÓN MIXTA"" (50% elección popular, 50% congreso)";Hombre;Región Metropolitana de Santiago;Peñalolén;19;2;8;7;7;10;13
Neutral;De acuerdo;En desacuerdo;De acuerdo;"VOTARÁ ""APRUEBO""";"VOTARÁ ""CONVENCIÓN CONSTITUCIONAL"" (100% electa)";Mujer;Región Metropolitana de Santiago;Estación central ;20;2;2;6;6;3;15
Neutral;Muy de acuerdo;En desacuerdo;Muy de acuerdo;"VOTARÁ ""APRUEBO""";"VOTARÁ ""CONVENCIÓN CONSTITUCIONAL"" (100% electa)";Hombre;Región Metropolitana de Santiago;Las condes;24;4;1;4;8;1;16
En desacuerdo;Muy en desacuerdo;En desacuerdo;Muy en desacuerdo;"VOTARÁ ""APRUEBO""";"VOTARÁ ""CONVENCIÓN CONSTITUCIONAL"" (100% electa)";Hombre;X Región de Los Lagos;Osorno;26;1;5;1;1;5;19
Muy de acuerdo;Muy de acuerdo;Neutral;De acuerdo;"VOTARÁ ""APRUEBO""";"VOTARÁ ""CONVENCIÓN CONSTITUCIONAL"" (100% electa)";Hombre;Región Metropolitana de Santiago;Peñalolen ;29;2;1;1;10;5;24
Muy de acuerdo;Muy de acuerdo;Muy de acuerdo;Muy de acuerdo;"VOTARÁ ""APRUEBO""";"VOTARÁ ""CONVENCIÓN CONSTITUCIONAL"" (100% electa)";Hombre;Región Metropolitana de Santiago;La florida;24;2;6;10;10;3;12
Neutral;Muy de acuerdo;En desacuerdo;Muy de acuerdo;"VOTARÁ ""APRUEBO""";"VOTARÁ ""CONVENCIÓN CONSTITUCIONAL"" (100% electa)";Hombre;Región Metropolitana de Santiago;Maipú;21;3;3;3;8;2;16
Neutral;Muy de acuerdo;En desacuerdo;Muy de acuerdo;"VOTARÁ ""APRUEBO""";"VOTARÁ ""CONVENCIÓN CONSTITUCIONAL"" (100% electa)";Hombre;Región Metropolitana de Santiago;quinta normal;27;2;4;5;8;3;16
Muy de acuerdo;Muy de acuerdo;Neutral;Muy de acuerdo;"VOTARÁ ""APRUEBO""";"VOTARÁ ""CONVENCIÓN CONSTITUCIONAL"" (100% electa)";Hombre;Región Metropolitana de Santiago;quilicura;26;4;1;1;8;3;19
Neutral;Muy de acuerdo;En desacuerdo;De acuerdo;"VOTARÁ ""APRUEBO""";"VOTARÁ ""CONVENCIÓN CONSTITUCIONAL"" (100% electa)";Hombre;Región Metropolitana de Santiago;Macul;34;3;1;4;6;1;20
Muy de acuerdo;Muy de acuerdo;Neutral;Muy de acuerdo;"VOTARÁ ""APRUEBO""";"VOTARÁ ""CONVENCIÓN CONSTITUCIONAL"" (100% electa)";Hombre;Región Metropolitana de Santiago;Vitacura;24;4;2;4;7;3;19
De acuerdo;De acuerdo;Muy en desacuerdo;De acuerdo;"VOTARÁ ""APRUEBO""";"VOTARÁ ""CONVENCIÓN CONSTITUCIONAL"" (100% electa)";Hombre;Región Metropolitana de Santiago;Puente asalto;22;1;5;7;10;1;15
Muy en desacuerdo;En desacuerdo;Muy en desacuerdo;Muy en desacuerdo;"VOTARÁ ""APRUEBO""";"VOTARÁ ""CONVENCIÓN CONSTITUCIONAL"" (100% electa)";Hombre;Región Metropolitana de Santiago;San José de Maipo;20;3;5;8;7;3;15
Muy de acuerdo;Muy de acuerdo;En desacuerdo;Muy de acuerdo;"VOTARÁ ""APRUEBO""";"VOTARÁ ""CONVENCIÓN CONSTITUCIONAL"" (100% electa)";Prefiero no decirlo;Región Metropolitana de Santiago;Pudahuel;19;3;1;6;6;1;14
Neutral;Neutral;Neutral;Neutral;"VOTARÁ ""NULO O BLANCO""";"VOTARÁ ""NULO O BLANCO""";Prefiero no decirlo;I. Región de Tarapacá;La Reina;-1;1;5;5;6;6;29
De acuerdo;Muy de acuerdo;Neutral;De acuerdo;"VOTARÁ ""APRUEBO""";"VOTARÁ ""CONVENCIÓN CONSTITUCIONAL"" (100% electa)";Hombre;V Región de Valparaíso;Valparaíso;31;4;8;1;5;3;20
Muy de acuerdo;Muy de acuerdo;Muy en desacuerdo;Muy de acuerdo;"VOTARÁ ""APRUEBO""";"VOTARÁ ""CONVENCIÓN MIXTA"" (50% elección popular, 50% congreso)";Hombre;IV Región de Coquimbo;tongoy ;27;1;2;2;8;5;17
Muy de acuerdo;Muy de acuerdo;En desacuerdo;De acuerdo;"VOTARÁ ""APRUEBO""";"VOTARÁ ""CONVENCIÓN CONSTITUCIONAL"" (100% electa)";Hombre;Región Metropolitana de Santiago;La florida;30;3;1;5;5;5;16
De acuerdo;Muy de acuerdo;En desacuerdo;De acuerdo;"VOTARÁ ""APRUEBO""";"VOTARÁ ""CONVENCIÓN CONSTITUCIONAL"" (100% electa)";Hombre;V Región de Valparaíso;valpo;24;2;5;6;4;4;19
De acuerdo;De acuerdo;Neutral;De acuerdo;"VOTARÁ ""APRUEBO""";"VOTARÁ ""CONVENCIÓN CONSTITUCIONAL"" (100% electa)";Hombre;Región Metropolitana de Santiago;La Reina;22;5;6;9;4;2;17
Neutral;Muy de acuerdo;En desacuerdo;Muy de acuerdo;"VOTARÁ ""APRUEBO""";"VOTARÁ ""CONVENCIÓN MIXTA"" (50% elección popular, 50% congreso)";Mujer;Región Metropolitana de Santiago;Las condes;25;3;6;3;6;6;16
Neutral;Muy de acuerdo;En desacuerdo;Muy de acuerdo;"VOTARÁ ""APRUEBO""";"VOTARÁ ""CONVENCIÓN MIXTA"" (50% elección popular, 50% congreso)";Mujer;Región Metropolitana de Santiago;Las condes;25;3;6;3;6;6;16
En desacuerdo;Muy en desacuerdo;En desacuerdo;En desacuerdo;"VOTARÁ ""APRUEBO""";"VOTARÁ ""CONVENCIÓN CONSTITUCIONAL"" (100% electa)";Hombre;VIII Región del Biobío;Hualpen;20;2;1;6;8;5;15
Muy en desacuerdo;De acuerdo;Muy en desacuerdo;Neutral;"VOTARÁ ""APRUEBO""";"VOTARÁ ""CONVENCIÓN CONSTITUCIONAL"" (100% electa)";Hombre;Región Metropolitana de Santiago;Maipú ;24;5;7;10;10;1;18
Muy en desacuerdo;Muy en desacuerdo;En desacuerdo;Muy en desacuerdo;"VOTARÁ ""APRUEBO""";"VOTARÁ ""CONVENCIÓN CONSTITUCIONAL"" (100% electa)";Hombre;Región Metropolitana de Santiago;Providencia;38;3;3;3;8;3;20
Neutral;Muy de acuerdo;En desacuerdo;De acuerdo;"VOTARÁ ""APRUEBO""";"VOTARÁ ""CONVENCIÓN CONSTITUCIONAL"" (100% electa)";Hombre;Región Metropolitana de Santiago;quilicura;23;2;2;4;6;2;17
De acuerdo;Muy de acuerdo;Neutral;De acuerdo;"VOTARÁ ""APRUEBO""";"VOTARÁ ""CONVENCIÓN CONSTITUCIONAL"" (100% electa)";Mujer;Región Metropolitana de Santiago;Santiago centro;24;3;4;3;6;6;17
De acuerdo;Muy de acuerdo;En desacuerdo;De acuerdo;"VOTARÁ ""APRUEBO""";"VOTARÁ ""CONVENCIÓN CONSTITUCIONAL"" (100% electa)";Hombre;I. Región de Tarapacá;Iquique;29;3;6;10;10;3;19
Muy de acuerdo;Muy de acuerdo;Muy en desacuerdo;Muy de acuerdo;"VOTARÁ ""APRUEBO""";"VOTARÁ ""NULO O BLANCO""";Hombre;Región Metropolitana de Santiago;Ñuñoa;53;4;1;1;8;3;19
De acuerdo;Muy de acuerdo;En desacuerdo;De acuerdo;"VOTARÁ ""APRUEBO""";"VOTARÁ ""CONVENCIÓN CONSTITUCIONAL"" (100% electa)";Mujer;Región Metropolitana de Santiago;La Florida ;38;3;5;2;9;3;18
Neutral;Muy de acuerdo;Muy en desacuerdo;Neutral;"VOTARÁ ""APRUEBO""";"VOTARÁ ""CONVENCIÓN CONSTITUCIONAL"" (100% electa)";Hombre;VIII Región del Biobío;Penco;31;3;3;8;6;3;17
Muy de acuerdo;Muy de acuerdo;Neutral;Muy de acuerdo;"VOTARÁ ""APRUEBO""";"VOTARÁ ""CONVENCIÓN CONSTITUCIONAL"" (100% electa)";Hombre;Región Metropolitana de Santiago;Providencia;18;5;3;8;3;4;12
Neutral;Muy de acuerdo;En desacuerdo;De acuerdo;"VOTARÁ ""APRUEBO""";"VOTARÁ ""CONVENCIÓN CONSTITUCIONAL"" (100% electa)";Hombre;Región Metropolitana de Santiago;Puente Alto;20;3;5;2;10;1;14
En desacuerdo;Muy en desacuerdo;En desacuerdo;Muy en desacuerdo;"VOTARÁ ""APRUEBO""";"VOTARÁ ""CONVENCIÓN CONSTITUCIONAL"" (100% electa)";Hombre;Región Metropolitana de Santiago;Maipu;19;3;4;1;8;3;14
En desacuerdo;De acuerdo;Muy en desacuerdo;De acuerdo;"VOTARÁ ""APRUEBO""";"VOTARÁ ""CONVENCIÓN CONSTITUCIONAL"" (100% electa)";Hombre;Región Metropolitana de Santiago;ñuñoa;31;3;7;9;10;1;17
Neutral;De acuerdo;En desacuerdo;Neutral;"VOTARÁ ""APRUEBO""";"VOTARÁ ""CONVENCIÓN CONSTITUCIONAL"" (100% electa)";Hombre;Región Metropolitana de Santiago;Santiago ;22;3;1;5;8;1;16
Muy de acuerdo;Muy de acuerdo;En desacuerdo;Muy de acuerdo;"VOTARÁ ""APRUEBO""";"VOTARÁ ""CONVENCIÓN CONSTITUCIONAL"" (100% electa)";Mujer;Región Metropolitana de Santiago;Providencia;38;3;3;1;8;1;22
De acuerdo;De acuerdo;En desacuerdo;De acuerdo;"VOTARÁ ""APRUEBO""";"VOTARÁ ""CONVENCIÓN CONSTITUCIONAL"" (100% electa)";Hombre;VIII Región del Biobío;Hualpén;26;3;4;8;7;4;18
De acuerdo;Muy de acuerdo;En desacuerdo;De acuerdo;"VOTARÁ ""APRUEBO""";"VOTARÁ ""CONVENCIÓN CONSTITUCIONAL"" (100% electa)";Hombre;V Región de Valparaíso;Quilpué;18;3;2;2;7;4;13
De acuerdo;De acuerdo;Neutral;De acuerdo;"VOTARÁ ""APRUEBO""";"VOTARÁ ""CONVENCIÓN CONSTITUCIONAL"" (100% electa)";Hombre;Región Metropolitana de Santiago;Puente Alto;20;4;3;5;8;3;15
Muy de acuerdo;Muy de acuerdo;En desacuerdo;Muy de acuerdo;"VOTARÁ ""APRUEBO""";"VOTARÁ ""CONVENCIÓN CONSTITUCIONAL"" (100% electa)";Mujer;V Región de Valparaíso;Quilpue;24;3;4;5;9;4;17
Muy en desacuerdo;En desacuerdo;Muy en desacuerdo;En desacuerdo;"VOTARÁ ""APRUEBO""";"VOTARÁ ""CONVENCIÓN CONSTITUCIONAL"" (100% electa)";Hombre;Región Metropolitana de Santiago;Puente alto;25;2;4;6;8;4;19
De acuerdo;Muy de acuerdo;En desacuerdo;De acuerdo;"VOTARÁ ""APRUEBO""";"VOTARÁ ""CONVENCIÓN CONSTITUCIONAL"" (100% electa)";Hombre;Región Metropolitana de Santiago;Melipilla;41;2;1;4;10;2;16
De acuerdo;De acuerdo;Muy en desacuerdo;Neutral;"VOTARÁ ""APRUEBO""";"VOTARÁ ""CONVENCIÓN CONSTITUCIONAL"" (100% electa)";Hombre;V Región de Valparaíso;San Felipe;30;2;6;1;6;5;18
Muy de acuerdo;Muy de acuerdo;Muy en desacuerdo;Muy de acuerdo;"VOTARÁ ""APRUEBO""";"VOTARÁ ""CONVENCIÓN CONSTITUCIONAL"" (100% electa)";Mujer;XV Región de Arica y Parinacota;Arica;25;2;3;1;6;5;17
De acuerdo;Muy de acuerdo;Neutral;De acuerdo;"VOTARÁ ""APRUEBO""";"VOTARÁ ""CONVENCIÓN CONSTITUCIONAL"" (100% electa)";Hombre;Región Metropolitana de Santiago;Santiago;26;3;5;5;7;5;18
Muy en desacuerdo;De acuerdo;Muy en desacuerdo;Muy en desacuerdo;"VOTARÁ ""APRUEBO""";"VOTARÁ ""CONVENCIÓN CONSTITUCIONAL"" (100% electa)";Hombre;IV Región de Coquimbo;La Serena;35;3;1;3;6;1;18
Muy en desacuerdo;Muy en desacuerdo;En desacuerdo;En desacuerdo;"VOTARÁ ""APRUEBO""";"VOTARÁ ""CONVENCIÓN CONSTITUCIONAL"" (100% electa)";Hombre;Región Metropolitana de Santiago;La granja ;34;2;1;1;10;4;20
Muy de acuerdo;Muy de acuerdo;Neutral;Muy de acuerdo;"VOTARÁ ""APRUEBO""";"VOTARÁ ""CONVENCIÓN CONSTITUCIONAL"" (100% electa)";Hombre;V Región de Valparaíso;Villa Alemana;22;5;3;5;5;3;16
En desacuerdo;En desacuerdo;Muy en desacuerdo;Neutral;"VOTARÁ ""APRUEBO""";"VOTARÁ ""CONVENCIÓN MIXTA"" (50% elección popular, 50% congreso)";Hombre;Región Metropolitana de Santiago;San Joaquin;24;3;3;5;9;1;17
En desacuerdo;En desacuerdo;Muy en desacuerdo;En desacuerdo;"VOTARÁ ""APRUEBO""";"VOTARÁ ""CONVENCIÓN CONSTITUCIONAL"" (100% electa)";Prefiero no decirlo;IV Región de Coquimbo;La Serena ;28;2;1;1;10;1;16
De acuerdo;Muy de acuerdo;Neutral;De acuerdo;"VOTARÁ ""APRUEBO""";"VOTARÁ ""CONVENCIÓN CONSTITUCIONAL"" (100% electa)";Mujer;IX Región de La Araucanía;Temuco ;20;2;4;7;6;3;15
Neutral;De acuerdo;De acuerdo;De acuerdo;"VOTARÁ ""APRUEBO""";"VOTARÁ ""CONVENCIÓN CONSTITUCIONAL"" (100% electa)";Hombre;Región Metropolitana de Santiago;Talagante;22;3;7;8;3;6;17
Muy de acuerdo;De acuerdo;De acuerdo;Muy de acuerdo;"VOTARÁ ""APRUEBO""";"VOTARÁ ""CONVENCIÓN CONSTITUCIONAL"" (100% electa)";Hombre;VIII Región del Biobío;Los Angeles;20;3;1;1;1;1;13
De acuerdo;De acuerdo;Muy en desacuerdo;De acuerdo;"VOTARÁ ""APRUEBO""";"VOTARÁ ""CONVENCIÓN CONSTITUCIONAL"" (100% electa)";Hombre;VIII Región del Biobío;Chiguayante ;20;3;4;7;4;4;15
En desacuerdo;Muy en desacuerdo;En desacuerdo;Muy en desacuerdo;"VOTARÁ ""APRUEBO""";"VOTARÁ ""NULO O BLANCO""";Hombre;V Región de Valparaíso;Viña del mar;21;2;8;8;10;2;16
Muy de acuerdo;Muy de acuerdo;Muy en desacuerdo;De acuerdo;"VOTARÁ ""APRUEBO""";"VOTARÁ ""CONVENCIÓN CONSTITUCIONAL"" (100% electa)";Hombre;IX Región de La Araucanía;Temuco warria;39;3;2;2;8;2;18
En desacuerdo;En desacuerdo;En desacuerdo;Neutral;"VOTARÁ ""NULO O BLANCO""";"VOTARÁ ""NULO O BLANCO""";Hombre;Región Metropolitana de Santiago;Recoleta;26;3;1;1;5;1;16
Muy de acuerdo;Muy de acuerdo;Neutral;Muy de acuerdo;"VOTARÁ ""APRUEBO""";"VOTARÁ ""CONVENCIÓN CONSTITUCIONAL"" (100% electa)";Hombre;Región Metropolitana de Santiago;Recoleta;28;3;7;5;7;4;18
Muy en desacuerdo;Muy en desacuerdo;Muy en desacuerdo;Muy en desacuerdo;"VOTARÁ ""RECHAZO""";"VOTARÁ ""CONVENCIÓN MIXTA"" (50% elección popular, 50% congreso)";Hombre;Región Metropolitana de Santiago;macul;35;2;5;7;1;5;18
En desacuerdo;Muy de acuerdo;Muy de acuerdo;De acuerdo;"VOTARÁ ""APRUEBO""";"VOTARÁ ""CONVENCIÓN CONSTITUCIONAL"" (100% electa)";Hombre;VIII Región del Biobío;Concepción;27;2;7;6;5;4;19
De acuerdo;Muy de acuerdo;Muy en desacuerdo;Muy de acuerdo;"VOTARÁ ""APRUEBO""";"VOTARÁ ""CONVENCIÓN CONSTITUCIONAL"" (100% electa)";Hombre;Región Metropolitana de Santiago;Peñalolén;25;3;4;9;8;3;17
Muy en desacuerdo;Muy en desacuerdo;En desacuerdo;Muy en desacuerdo;"VOTARÁ ""APRUEBO""";"VOTARÁ ""CONVENCIÓN CONSTITUCIONAL"" (100% electa)";Hombre;V Región de Valparaíso;Olmue;22;3;5;10;10;3;16
De acuerdo;Muy de acuerdo;Neutral;De acuerdo;"VOTARÁ ""APRUEBO""";"VOTARÁ ""CONVENCIÓN CONSTITUCIONAL"" (100% electa)";Mujer;IX Región de La Araucanía;Padre Las Casas;49;2;5;5;8;2;13
De acuerdo;Muy de acuerdo;Muy de acuerdo;Muy de acuerdo;"VOTARÁ ""APRUEBO""";"VOTARÁ ""CONVENCIÓN MIXTA"" (50% elección popular, 50% congreso)";Hombre;Región Metropolitana de Santiago;San Joaquin;22;2;3;1;8;3;14
Muy en desacuerdo;En desacuerdo;Muy en desacuerdo;Muy en desacuerdo;"VOTARÁ ""APRUEBO""";"VOTARÁ ""CONVENCIÓN CONSTITUCIONAL"" (100% electa)";Hombre;VI Región del Libertador General Bernardo O’Higgins;San Vicente;22;3;1;3;4;3;15
Muy en desacuerdo;Muy en desacuerdo;Muy en desacuerdo;Muy en desacuerdo;NO IRÁ A VOTAR;NO IRÁ A VOTAR;Mujer;II Región de Antofagasta;Antofagasta;19;4;7;1;1;6;13
Muy de acuerdo;Muy de acuerdo;De acuerdo;De acuerdo;"VOTARÁ ""APRUEBO""";"VOTARÁ ""CONVENCIÓN CONSTITUCIONAL"" (100% electa)";Hombre;Región Metropolitana de Santiago;Ñuñoa;19;3;5;1;7;4;12
De acuerdo;Muy de acuerdo;En desacuerdo;De acuerdo;"VOTARÁ ""APRUEBO""";"VOTARÁ ""CONVENCIÓN CONSTITUCIONAL"" (100% electa)";Hombre;Región Metropolitana de Santiago;Quinta Normal;24;4;4;6;7;3;17
De acuerdo;Muy de acuerdo;En desacuerdo;De acuerdo;"VOTARÁ ""APRUEBO""";"VOTARÁ ""CONVENCIÓN CONSTITUCIONAL"" (100% electa)";Hombre;Región Metropolitana de Santiago;La Florida;18;3;3;5;8;3;12
Neutral;Muy de acuerdo;En desacuerdo;En desacuerdo;NO IRÁ A VOTAR;NO IRÁ A VOTAR;Hombre;IV Región de Coquimbo;Ovalle ;25;3;1;2;6;1;18
De acuerdo;Muy de acuerdo;De acuerdo;Muy de acuerdo;"VOTARÁ ""APRUEBO""";"VOTARÁ ""CONVENCIÓN CONSTITUCIONAL"" (100% electa)";Hombre;Región Metropolitana de Santiago;San Bernardo;24;3;4;1;7;4;17
Muy de acuerdo;Muy de acuerdo;Muy de acuerdo;Muy de acuerdo;"VOTARÁ ""APRUEBO""";"VOTARÁ ""CONVENCIÓN MIXTA"" (50% elección popular, 50% congreso)";Hombre;X Región de Los Lagos;Osorno;26;2;5;5;10;5;19
Neutral;Muy de acuerdo;Muy en desacuerdo;De acuerdo;"VOTARÁ ""APRUEBO""";"VOTARÁ ""CONVENCIÓN CONSTITUCIONAL"" (100% electa)";Hombre;Región Metropolitana de Santiago;Ñuñoa;31;3;2;5;7;3;20
Muy de acuerdo;Muy de acuerdo;Neutral;Muy de acuerdo;"VOTARÁ ""APRUEBO""";"VOTARÁ ""CONVENCIÓN MIXTA"" (50% elección popular, 50% congreso)";Mujer;IV Región de Coquimbo;La Serena;19;2;9;1;5;2;14
Neutral;Muy de acuerdo;En desacuerdo;De acuerdo;"VOTARÁ ""APRUEBO""";"VOTARÁ ""CONVENCIÓN MIXTA"" (50% elección popular, 50% congreso)";Mujer;Región Metropolitana de Santiago;Cerrillos;38;2;1;10;5;6;18
De acuerdo;Muy de acuerdo;Muy en desacuerdo;De acuerdo;"VOTARÁ ""APRUEBO""";"VOTARÁ ""CONVENCIÓN CONSTITUCIONAL"" (100% electa)";Hombre;VIII Región del Biobío;Chiguayante ;18;3;3;10;9;2;12
Muy en desacuerdo;Muy en desacuerdo;Muy en desacuerdo;Muy en desacuerdo;"VOTARÁ ""APRUEBO""";"VOTARÁ ""CONVENCIÓN MIXTA"" (50% elección popular, 50% congreso)";Hombre;Región Metropolitana de Santiago;La Florida;73;4;6;9;8;3;18
Muy de acuerdo;Muy de acuerdo;De acuerdo;Muy de acuerdo;"VOTARÁ ""APRUEBO""";"VOTARÁ ""CONVENCIÓN CONSTITUCIONAL"" (100% electa)";Hombre;Región Metropolitana de Santiago;La Cisterna;29;2;3;6;7;3;20
Muy de acuerdo;Muy de acuerdo;En desacuerdo;Muy de acuerdo;"VOTARÁ ""APRUEBO""";"VOTARÁ ""CONVENCIÓN CONSTITUCIONAL"" (100% electa)";Hombre;X Región de Los Lagos;Osorno;34;2;3;5;10;5;17
De acuerdo;Muy de acuerdo;De acuerdo;De acuerdo;"VOTARÁ ""APRUEBO""";"VOTARÁ ""CONVENCIÓN CONSTITUCIONAL"" (100% electa)";Mujer;Región Metropolitana de Santiago;Las condes ;52;3;7;4;8;5;20
Neutral;Muy de acuerdo;En desacuerdo;Neutral;"VOTARÁ ""APRUEBO""";"VOTARÁ ""CONVENCIÓN CONSTITUCIONAL"" (100% electa)";Mujer;X Región de Los Lagos;Osorno;32;3;3;10;5;3;19
Muy en desacuerdo;Muy en desacuerdo;Muy en desacuerdo;Muy en desacuerdo;"VOTARÁ ""RECHAZO""";"VOTARÁ ""CONVENCIÓN MIXTA"" (50% elección popular, 50% congreso)";Hombre;Región Metropolitana de Santiago;Santiago ;36;3;8;4;3;7;20
En desacuerdo;En desacuerdo;En desacuerdo;En desacuerdo;NO IRÁ A VOTAR;NO IRÁ A VOTAR;Hombre;II Región de Antofagasta;Calama;26;2;9;1;9;1;19
Muy de acuerdo;Muy de acuerdo;Neutral;De acuerdo;"VOTARÁ ""APRUEBO""";"VOTARÁ ""CONVENCIÓN CONSTITUCIONAL"" (100% electa)";Hombre;Región Metropolitana de Santiago;Ñuñoa ;51;4;4;4;7;3;19
Muy en desacuerdo;Muy en desacuerdo;En desacuerdo;Muy en desacuerdo;"VOTARÁ ""APRUEBO""";"VOTARÁ ""CONVENCIÓN CONSTITUCIONAL"" (100% electa)";Hombre;Región Metropolitana de Santiago;La Pintana;20;3;7;6;9;3;15
Muy de acuerdo;Muy de acuerdo;En desacuerdo;Muy de acuerdo;"VOTARÁ ""APRUEBO""";"VOTARÁ ""CONVENCIÓN CONSTITUCIONAL"" (100% electa)";Mujer;Región Metropolitana de Santiago;Ñuñoa;35;3;2;2;4;4;16
De acuerdo;Muy de acuerdo;En desacuerdo;Muy de acuerdo;"VOTARÁ ""APRUEBO""";"VOTARÁ ""CONVENCIÓN CONSTITUCIONAL"" (100% electa)";Mujer;Región Metropolitana de Santiago;La.florida;53;2;7;10;10;4;12
Muy en desacuerdo;En desacuerdo;De acuerdo;Muy en desacuerdo;"VOTARÁ ""RECHAZO""";"VOTARÁ ""CONVENCIÓN CONSTITUCIONAL"" (100% electa)";Hombre;Región Metropolitana de Santiago;Maipú;31;4;9;10;4;5;19
Neutral;Muy de acuerdo;En desacuerdo;De acuerdo;"VOTARÁ ""APRUEBO""";"VOTARÁ ""CONVENCIÓN CONSTITUCIONAL"" (100% electa)";Mujer;Región Metropolitana de Santiago;San Miguel ;30;3;4;4;8;3;23
Muy de acuerdo;Muy de acuerdo;Muy de acuerdo;Muy de acuerdo;"VOTARÁ ""APRUEBO""";"VOTARÁ ""CONVENCIÓN CONSTITUCIONAL"" (100% electa)";Hombre;Región Metropolitana de Santiago;Macul;26;2;1;7;6;6;19
Muy de acuerdo;Muy de acuerdo;Muy en desacuerdo;Muy de acuerdo;"VOTARÁ ""APRUEBO""";"VOTARÁ ""CONVENCIÓN CONSTITUCIONAL"" (100% electa)";Mujer;Región Metropolitana de Santiago;Peñalolen;46;5;3;1;8;2;28
Muy en desacuerdo;Muy en desacuerdo;En desacuerdo;Muy en desacuerdo;"VOTARÁ ""APRUEBO""";"VOTARÁ ""CONVENCIÓN CONSTITUCIONAL"" (100% electa)";Hombre;V Región de Valparaíso;Valparaíso;25;3;8;7;3;3;19
En desacuerdo;De acuerdo;Muy en desacuerdo;En desacuerdo;"VOTARÁ ""APRUEBO""";"VOTARÁ ""CONVENCIÓN CONSTITUCIONAL"" (100% electa)";Hombre;VI Región del Libertador General Bernardo O’Higgins;Rancagua ;21;3;3;5;8;1;14
De acuerdo;Muy de acuerdo;De acuerdo;De acuerdo;"VOTARÁ ""APRUEBO""";"VOTARÁ ""CONVENCIÓN MIXTA"" (50% elección popular, 50% congreso)";Hombre;Región Metropolitana de Santiago;cerrillos;26;3;5;1;7;4;19
Muy de acuerdo;Muy de acuerdo;De acuerdo;De acuerdo;"VOTARÁ ""APRUEBO""";"VOTARÁ ""CONVENCIÓN CONSTITUCIONAL"" (100% electa)";Hombre;VIII Región del Biobío;concepcion;20;3;3;3;4;4;14
Neutral;Muy de acuerdo;Muy en desacuerdo;Muy de acuerdo;"VOTARÁ ""APRUEBO""";"VOTARÁ ""CONVENCIÓN CONSTITUCIONAL"" (100% electa)";Hombre;Región Metropolitana de Santiago;Ñuñoa;45;3;1;3;5;5;18
En desacuerdo;De acuerdo;Muy en desacuerdo;De acuerdo;"VOTARÁ ""APRUEBO""";"VOTARÁ ""CONVENCIÓN CONSTITUCIONAL"" (100% electa)";Hombre;Región Metropolitana de Santiago;puente alto;18;2;2;2;9;2;13
De acuerdo;Muy de acuerdo;Neutral;Muy de acuerdo;"VOTARÁ ""APRUEBO""";"VOTARÁ ""CONVENCIÓN CONSTITUCIONAL"" (100% electa)";Hombre;Región Metropolitana de Santiago;Vitacura ;68;4;7;3;3;3;19
De acuerdo;Muy de acuerdo;Muy de acuerdo;Muy de acuerdo;"VOTARÁ ""APRUEBO""";"VOTARÁ ""CONVENCIÓN MIXTA"" (50% elección popular, 50% congreso)";Hombre;I. Región de Tarapacá;Iquique;21;3;1;8;8;3;16
Neutral;Muy de acuerdo;En desacuerdo;En desacuerdo;"VOTARÁ ""APRUEBO""";"VOTARÁ ""CONVENCIÓN CONSTITUCIONAL"" (100% electa)";Hombre;Región Metropolitana de Santiago;San Miguel;25;3;3;3;8;1;18
De acuerdo;Muy de acuerdo;Neutral;Muy de acuerdo;"VOTARÁ ""APRUEBO""";"VOTARÁ ""CONVENCIÓN CONSTITUCIONAL"" (100% electa)";Hombre;Región Metropolitana de Santiago;Providencia;37;4;3;5;8;3;25
De acuerdo;Muy de acuerdo;Muy en desacuerdo;De acuerdo;"VOTARÁ ""APRUEBO""";"VOTARÁ ""CONVENCIÓN CONSTITUCIONAL"" (100% electa)";Hombre;Región Metropolitana de Santiago;Las Condes;26;4;3;1;7;4;19
En desacuerdo;Muy en desacuerdo;En desacuerdo;En desacuerdo;"VOTARÁ ""APRUEBO""";"VOTARÁ ""CONVENCIÓN CONSTITUCIONAL"" (100% electa)";Hombre;Región Metropolitana de Santiago;Conchali;21;2;10;8;1;1;14
De acuerdo;Muy de acuerdo;Neutral;Muy de acuerdo;"VOTARÁ ""APRUEBO""";"VOTARÁ ""CONVENCIÓN MIXTA"" (50% elección popular, 50% congreso)";Mujer;V Región de Valparaíso;viña del mar;31;3;5;6;7;5;17
Muy de acuerdo;Muy de acuerdo;En desacuerdo;De acuerdo;"VOTARÁ ""APRUEBO""";"VOTARÁ ""CONVENCIÓN CONSTITUCIONAL"" (100% electa)";Hombre;V Región de Valparaíso;Villa alemana;23;3;5;5;8;2;18
Muy en desacuerdo;En desacuerdo;Muy en desacuerdo;Neutral;"VOTARÁ ""RECHAZO""";"VOTARÁ ""CONVENCIÓN CONSTITUCIONAL"" (100% electa)";Hombre;Región Metropolitana de Santiago;Lo barnechea;64;4;8;5;2;7;18
Neutral;De acuerdo;En desacuerdo;Neutral;"VOTARÁ ""APRUEBO""";"VOTARÁ ""CONVENCIÓN CONSTITUCIONAL"" (100% electa)";Hombre;XI Región Aysén del General Carlos Ibáñez del Campo;Cochrane ;21;3;3;8;8;4;14
Muy de acuerdo;Muy de acuerdo;Neutral;Muy de acuerdo;"VOTARÁ ""APRUEBO""";"VOTARÁ ""CONVENCIÓN CONSTITUCIONAL"" (100% electa)";Hombre;Región Metropolitana de Santiago;Las condes;20;3;3;2;3;5;12
De acuerdo;Muy de acuerdo;Muy en desacuerdo;De acuerdo;"VOTARÁ ""APRUEBO""";"VOTARÁ ""CONVENCIÓN CONSTITUCIONAL"" (100% electa)";Hombre;VIII Región del Biobío;Lebu;41;3;3;3;8;3;19
De acuerdo;Muy de acuerdo;Muy en desacuerdo;Muy de acuerdo;"VOTARÁ ""APRUEBO""";"VOTARÁ ""CONVENCIÓN MIXTA"" (50% elección popular, 50% congreso)";Hombre;XV Región de Arica y Parinacota;Arica;32;3;2;6;7;4;24
Neutral;De acuerdo;Muy en desacuerdo;De acuerdo;"VOTARÁ ""APRUEBO""";"VOTARÁ ""CONVENCIÓN CONSTITUCIONAL"" (100% electa)";Hombre;Región Metropolitana de Santiago;Santiago;25;4;2;7;8;2;17
Muy de acuerdo;Muy de acuerdo;Muy de acuerdo;Muy de acuerdo;"VOTARÁ ""APRUEBO""";"VOTARÁ ""CONVENCIÓN CONSTITUCIONAL"" (100% electa)";Hombre;Región Metropolitana de Santiago;Melipilla;22;4;3;7;7;3;16
Muy de acuerdo;Muy de acuerdo;De acuerdo;Muy de acuerdo;"VOTARÁ ""APRUEBO""";"VOTARÁ ""CONVENCIÓN CONSTITUCIONAL"" (100% electa)";Hombre;Región Metropolitana de Santiago;Ñuñoa;30;4;1;4;7;4;22
De acuerdo;De acuerdo;De acuerdo;De acuerdo;"VOTARÁ ""APRUEBO""";"VOTARÁ ""CONVENCIÓN CONSTITUCIONAL"" (100% electa)";Mujer;Región Metropolitana de Santiago;Independencia;25;3;5;5;7;4;16
Muy de acuerdo;Muy de acuerdo;Muy en desacuerdo;Muy de acuerdo;"VOTARÁ ""APRUEBO""";"VOTARÁ ""CONVENCIÓN CONSTITUCIONAL"" (100% electa)";Mujer;Región Metropolitana de Santiago;Providencia ;38;3;1;10;6;4;18
En desacuerdo;Muy en desacuerdo;En desacuerdo;En desacuerdo;NO IRÁ A VOTAR;NO IRÁ A VOTAR;Hombre;Región Metropolitana de Santiago;Santiago;40;3;1;8;10;1;18
Muy en desacuerdo;Muy en desacuerdo;Muy en desacuerdo;Muy en desacuerdo;"VOTARÁ ""RECHAZO""";"VOTARÁ ""CONVENCIÓN MIXTA"" (50% elección popular, 50% congreso)";Mujer;XII Región de Magallanes y Antártica Chilena;Punta arenas;40;3;4;4;3;5;20
Muy en desacuerdo;Muy en desacuerdo;En desacuerdo;En desacuerdo;"VOTARÁ ""RECHAZO""";"VOTARÁ ""CONVENCIÓN MIXTA"" (50% elección popular, 50% congreso)";Hombre;Región Metropolitana de Santiago;Vitacura;26;3;7;8;4;6;19
De acuerdo;Muy de acuerdo;En desacuerdo;Muy de acuerdo;"VOTARÁ ""APRUEBO""";"VOTARÁ ""CONVENCIÓN CONSTITUCIONAL"" (100% electa)";Hombre;Región Metropolitana de Santiago;Santiago;34;4;4;5;7;3;17
Muy de acuerdo;Muy de acuerdo;Muy en desacuerdo;Muy de acuerdo;"VOTARÁ ""APRUEBO""";"VOTARÁ ""CONVENCIÓN CONSTITUCIONAL"" (100% electa)";Mujer;Región Metropolitana de Santiago;Santiago centro;36;3;1;1;1;5;18
De acuerdo;Muy de acuerdo;En desacuerdo;Muy de acuerdo;"VOTARÁ ""APRUEBO""";"VOTARÁ ""CONVENCIÓN CONSTITUCIONAL"" (100% electa)";Hombre;Región Metropolitana de Santiago;Providencia;26;3;3;5;8;2;17
Muy de acuerdo;Muy de acuerdo;En desacuerdo;Muy de acuerdo;"VOTARÁ ""APRUEBO""";"VOTARÁ ""CONVENCIÓN CONSTITUCIONAL"" (100% electa)";Trans/No binario;Región Metropolitana de Santiago;La Cisterna;27;2;3;4;8;3;17
Muy de acuerdo;Muy de acuerdo;Neutral;Muy de acuerdo;"VOTARÁ ""APRUEBO""";"VOTARÁ ""CONVENCIÓN MIXTA"" (50% elección popular, 50% congreso)";Hombre;Región Metropolitana de Santiago;Quinta Normal;2920;3;4;4;7;4;20
En desacuerdo;Muy en desacuerdo;En desacuerdo;Muy en desacuerdo;"VOTARÁ ""APRUEBO""";"VOTARÁ ""CONVENCIÓN CONSTITUCIONAL"" (100% electa)";Hombre;VIII Región del Biobío;Concepción;29;2;7;7;7;2;17
Muy de acuerdo;Muy de acuerdo;De acuerdo;Muy de acuerdo;"VOTARÁ ""APRUEBO""";"VOTARÁ ""CONVENCIÓN CONSTITUCIONAL"" (100% electa)";Mujer;I. Región de Tarapacá;iquique;33;3;3;4;8;2;15
Muy en desacuerdo;Muy de acuerdo;En desacuerdo;En desacuerdo;"VOTARÁ ""APRUEBO""";"VOTARÁ ""CONVENCIÓN CONSTITUCIONAL"" (100% electa)";Hombre;Región Metropolitana de Santiago;EL BOSQUE;32;3;3;1;5;2;16
Muy de acuerdo;Muy de acuerdo;Neutral;Muy de acuerdo;"VOTARÁ ""APRUEBO""";"VOTARÁ ""CONVENCIÓN CONSTITUCIONAL"" (100% electa)";Hombre;IX Región de La Araucanía;Temuco;44;4;7;7;3;4;20
Muy de acuerdo;Muy de acuerdo;Muy de acuerdo;Muy de acuerdo;"VOTARÁ ""APRUEBO""";"VOTARÁ ""CONVENCIÓN CONSTITUCIONAL"" (100% electa)";Hombre;Región Metropolitana de Santiago;Estación Central;30;3;5;3;7;4;18
Muy de acuerdo;Muy de acuerdo;De acuerdo;De acuerdo;"VOTARÁ ""APRUEBO""";"VOTARÁ ""CONVENCIÓN CONSTITUCIONAL"" (100% electa)";Mujer;V Región de Valparaíso;Concon ;41;4;6;3;8;3;25
En desacuerdo;De acuerdo;Neutral;De acuerdo;"VOTARÁ ""APRUEBO""";"VOTARÁ ""CONVENCIÓN CONSTITUCIONAL"" (100% electa)";Hombre;X Región de Los Lagos;Puerto varas ;23;3;3;4;4;4;14
Muy en desacuerdo;Muy en desacuerdo;Muy en desacuerdo;Muy de acuerdo;"VOTARÁ ""APRUEBO""";"VOTARÁ ""CONVENCIÓN CONSTITUCIONAL"" (100% electa)";Hombre;III Región de Atacama;Copiapò;32;2;1;1;10;2;18
Muy de acuerdo;Muy de acuerdo;Muy de acuerdo;Muy de acuerdo;"VOTARÁ ""APRUEBO""";"VOTARÁ ""CONVENCIÓN CONSTITUCIONAL"" (100% electa)";Hombre;Región Metropolitana de Santiago;Cerro Navia;29;3;1;1;10;1;20
Neutral;De acuerdo;Muy en desacuerdo;En desacuerdo;"VOTARÁ ""APRUEBO""";"VOTARÁ ""CONVENCIÓN CONSTITUCIONAL"" (100% electa)";Mujer;Región Metropolitana de Santiago;Las Condes;31;3;5;1;10;5;19
Muy en desacuerdo;Muy en desacuerdo;Muy en desacuerdo;Muy en desacuerdo;"VOTARÁ ""APRUEBO""";"VOTARÁ ""CONVENCIÓN CONSTITUCIONAL"" (100% electa)";Hombre;Región Metropolitana de Santiago;Lampa;41;2;1;5;10;2;16
Muy de acuerdo;Muy de acuerdo;De acuerdo;Muy de acuerdo;"VOTARÁ ""APRUEBO""";"VOTARÁ ""CONVENCIÓN CONSTITUCIONAL"" (100% electa)";Hombre;Región Metropolitana de Santiago;Quinta Normal;25;2;5;2;7;5;19
De acuerdo;Muy de acuerdo;Neutral;De acuerdo;"VOTARÁ ""APRUEBO""";"VOTARÁ ""CONVENCIÓN CONSTITUCIONAL"" (100% electa)";Hombre;VIII Región del Biobío;Coronel;21;3;7;3;6;3;15
De acuerdo;Muy de acuerdo;Neutral;Muy de acuerdo;"VOTARÁ ""APRUEBO""";"VOTARÁ ""CONVENCIÓN CONSTITUCIONAL"" (100% electa)";Hombre;Región Metropolitana de Santiago;Pudahuel;26;3;2;8;8;2;17
Neutral;Muy de acuerdo;En desacuerdo;De acuerdo;"VOTARÁ ""APRUEBO""";"VOTARÁ ""CONVENCIÓN CONSTITUCIONAL"" (100% electa)";Hombre;V Región de Valparaíso;Quilpué;17;3;5;5;3;3;11
De acuerdo;Muy de acuerdo;Muy en desacuerdo;De acuerdo;"VOTARÁ ""APRUEBO""";"VOTARÁ ""CONVENCIÓN CONSTITUCIONAL"" (100% electa)";Mujer;Región Metropolitana de Santiago;Paine;19;1;10;10;5;1;13
Muy en desacuerdo;Muy de acuerdo;Muy en desacuerdo;Muy de acuerdo;"VOTARÁ ""APRUEBO""";"VOTARÁ ""NULO O BLANCO""";Hombre;V Región de Valparaíso;Concón ;22;3;6;8;9;2;18
Neutral;De acuerdo;Muy en desacuerdo;Muy de acuerdo;"VOTARÁ ""APRUEBO""";"VOTARÁ ""CONVENCIÓN CONSTITUCIONAL"" (100% electa)";Hombre;Región Metropolitana de Santiago;Santiago;30;2;6;5;6;5;20
De acuerdo;De acuerdo;De acuerdo;De acuerdo;"VOTARÁ ""APRUEBO""";"VOTARÁ ""CONVENCIÓN CONSTITUCIONAL"" (100% electa)";Mujer;Región Metropolitana de Santiago;Las condes;28;3;5;7;7;4;18
Muy en desacuerdo;En desacuerdo;Muy en desacuerdo;Muy en desacuerdo;"VOTARÁ ""RECHAZO""";"VOTARÁ ""CONVENCIÓN CONSTITUCIONAL"" (100% electa)";Mujer;Región Metropolitana de Santiago;Recoleta;21;2;8;8;2;10;15
Muy de acuerdo;Muy de acuerdo;Muy en desacuerdo;Neutral;"VOTARÁ ""APRUEBO""";"VOTARÁ ""CONVENCIÓN CONSTITUCIONAL"" (100% electa)";Hombre;V Región de Valparaíso;Valparaíso;29;3;5;5;6;4;20
En desacuerdo;De acuerdo;Muy en desacuerdo;De acuerdo;"VOTARÁ ""APRUEBO""";"VOTARÁ ""CONVENCIÓN CONSTITUCIONAL"" (100% electa)";Hombre;Región Metropolitana de Santiago;Cochali;28;2;6;10;5;1;21
Muy de acuerdo;Muy de acuerdo;Muy de acuerdo;Muy de acuerdo;"VOTARÁ ""APRUEBO""";"VOTARÁ ""CONVENCIÓN CONSTITUCIONAL"" (100% electa)";Hombre;XVI Región de Ñuble;Yungay;21;2;3;1;5;5;15
Neutral;De acuerdo;De acuerdo;De acuerdo;"VOTARÁ ""APRUEBO""";"VOTARÁ ""CONVENCIÓN CONSTITUCIONAL"" (100% electa)";Hombre;X Región de Los Lagos;Puerto Octay;27;4;5;7;4;6;15
Muy en desacuerdo;Muy en desacuerdo;Muy en desacuerdo;Muy en desacuerdo;"VOTARÁ ""APRUEBO""";"VOTARÁ ""CONVENCIÓN CONSTITUCIONAL"" (100% electa)";Hombre;VIII Región del Biobío;Hualpen;25;1;5;5;4;6;18
De acuerdo;Muy de acuerdo;Neutral;Muy de acuerdo;"VOTARÁ ""APRUEBO""";"VOTARÁ ""CONVENCIÓN CONSTITUCIONAL"" (100% electa)";Mujer;Región Metropolitana de Santiago;Puente alto;21;3;5;5;5;3;14
En desacuerdo;En desacuerdo;En desacuerdo;En desacuerdo;"VOTARÁ ""RECHAZO""";"VOTARÁ ""CONVENCIÓN MIXTA"" (50% elección popular, 50% congreso)";Hombre;VIII Región del Biobío;Talcahuano;26;2;8;8;8;6;18
Muy de acuerdo;Muy de acuerdo;Neutral;Muy de acuerdo;"VOTARÁ ""APRUEBO""";"VOTARÁ ""CONVENCIÓN CONSTITUCIONAL"" (100% electa)";Mujer;Región Metropolitana de Santiago;La Granja;24;3;2;2;8;3;18
Muy de acuerdo;Muy de acuerdo;En desacuerdo;De acuerdo;"VOTARÁ ""APRUEBO""";"VOTARÁ ""CONVENCIÓN CONSTITUCIONAL"" (100% electa)";Hombre;Región Metropolitana de Santiago;Lo espejo;21;2;6;1;10;1;14
De acuerdo;Muy de acuerdo;Muy de acuerdo;Muy de acuerdo;NO IRÁ A VOTAR;"VOTARÁ ""CONVENCIÓN CONSTITUCIONAL"" (100% electa)";Hombre;Región Metropolitana de Santiago;Colina;17;2;3;8;6;5;11
Muy en desacuerdo;Muy en desacuerdo;En desacuerdo;Muy en desacuerdo;"VOTARÁ ""APRUEBO""";"VOTARÁ ""CONVENCIÓN CONSTITUCIONAL"" (100% electa)";Hombre;V Región de Valparaíso;Valparaiso;34;1;5;1;6;5;20
Neutral;Muy de acuerdo;Muy en desacuerdo;De acuerdo;"VOTARÁ ""APRUEBO""";"VOTARÁ ""CONVENCIÓN CONSTITUCIONAL"" (100% electa)";Hombre;VIII Región del Biobío;Concepción ;28;2;4;5;6;3;16
De acuerdo;Muy de acuerdo;En desacuerdo;Neutral;"VOTARÁ ""APRUEBO""";"VOTARÁ ""CONVENCIÓN CONSTITUCIONAL"" (100% electa)";Mujer;Región Metropolitana de Santiago;Conchalí;25;3;2;3;7;2;16
De acuerdo;De acuerdo;En desacuerdo;De acuerdo;"VOTARÁ ""APRUEBO""";"VOTARÁ ""CONVENCIÓN CONSTITUCIONAL"" (100% electa)";Hombre;VI Región del Libertador General Bernardo O’Higgins;Pichilemu;27;3;4;8;10;2;17
De acuerdo;De acuerdo;En desacuerdo;De acuerdo;"VOTARÁ ""APRUEBO""";"VOTARÁ ""CONVENCIÓN MIXTA"" (50% elección popular, 50% congreso)";Hombre;V Región de Valparaíso;Viña del Mar ;22;3;4;10;4;6;16
En desacuerdo;Muy de acuerdo;Muy en desacuerdo;Muy de acuerdo;"VOTARÁ ""APRUEBO""";"VOTARÁ ""NULO O BLANCO""";Mujer;Región Metropolitana de Santiago;Peñalolén ;45;2;1;4;10;2;17
De acuerdo;Muy de acuerdo;En desacuerdo;Neutral;"VOTARÁ ""APRUEBO""";"VOTARÁ ""CONVENCIÓN CONSTITUCIONAL"" (100% electa)";Mujer;VI Región del Libertador General Bernardo O’Higgins;Rancagua;27;3;3;1;8;2;16
En desacuerdo;Muy de acuerdo;Muy en desacuerdo;De acuerdo;"VOTARÁ ""APRUEBO""";"VOTARÁ ""CONVENCIÓN CONSTITUCIONAL"" (100% electa)";Mujer;VIII Región del Biobío;San Pedro de La Paz;27;2;3;2;8;1;17
Muy en desacuerdo;Neutral;Muy en desacuerdo;Muy en desacuerdo;"VOTARÁ ""RECHAZO""";"VOTARÁ ""CONVENCIÓN MIXTA"" (50% elección popular, 50% congreso)";Hombre;V Región de Valparaíso;Calle Larga;26;2;5;7;1;5;17
Neutral;Muy de acuerdo;Muy en desacuerdo;De acuerdo;"VOTARÁ ""APRUEBO""";"VOTARÁ ""CONVENCIÓN CONSTITUCIONAL"" (100% electa)";Hombre;Región Metropolitana de Santiago;Pudahuel;19;3;1;6;8;1;14
Neutral;De acuerdo;En desacuerdo;De acuerdo;"VOTARÁ ""APRUEBO""";"VOTARÁ ""CONVENCIÓN CONSTITUCIONAL"" (100% electa)";Hombre;II Región de Antofagasta;Antofagasta;22;2;7;9;8;3;15
Neutral;De acuerdo;En desacuerdo;De acuerdo;"VOTARÁ ""APRUEBO""";"VOTARÁ ""CONVENCIÓN CONSTITUCIONAL"" (100% electa)";Hombre;III Región de Atacama;copiapó;26;3;6;4;6;5;7
Muy de acuerdo;Muy de acuerdo;Neutral;Neutral;"VOTARÁ ""APRUEBO""";"VOTARÁ ""CONVENCIÓN CONSTITUCIONAL"" (100% electa)";Hombre;V Región de Valparaíso;Quilpué;29;3;1;8;6;1;17
Muy de acuerdo;Muy de acuerdo;En desacuerdo;Muy de acuerdo;"VOTARÁ ""APRUEBO""";"VOTARÁ ""CONVENCIÓN CONSTITUCIONAL"" (100% electa)";Hombre;VI Región del Libertador General Bernardo O’Higgins;San Vicente ;36;3;2;1;9;2;20
Muy de acuerdo;Muy de acuerdo;En desacuerdo;De acuerdo;"VOTARÁ ""APRUEBO""";"VOTARÁ ""CONVENCIÓN CONSTITUCIONAL"" (100% electa)";Hombre;Región Metropolitana de Santiago;Las condes;27;3;5;4;6;3;18
Muy de acuerdo;Muy de acuerdo;Muy en desacuerdo;De acuerdo;"VOTARÁ ""APRUEBO""";"VOTARÁ ""CONVENCIÓN CONSTITUCIONAL"" (100% electa)";Mujer;IX Región de La Araucanía;Temuco;24;3;3;5;8;2;16
Neutral;Muy de acuerdo;Muy en desacuerdo;De acuerdo;"VOTARÁ ""APRUEBO""";"VOTARÁ ""CONVENCIÓN CONSTITUCIONAL"" (100% electa)";Hombre;VI Región del Libertador General Bernardo O’Higgins;San Fernando;24;3;1;1;8;2;16
De acuerdo;De acuerdo;De acuerdo;De acuerdo;"VOTARÁ ""APRUEBO""";"VOTARÁ ""CONVENCIÓN CONSTITUCIONAL"" (100% electa)";Mujer;Región Metropolitana de Santiago;San Bernardo ;24;2;1;10;10;4;15
De acuerdo;De acuerdo;De acuerdo;De acuerdo;"VOTARÁ ""APRUEBO""";"VOTARÁ ""CONVENCIÓN CONSTITUCIONAL"" (100% electa)";Hombre;II Región de Antofagasta;Antofagasta;26;3;5;5;10;5;12
Muy en desacuerdo;En desacuerdo;En desacuerdo;Muy en desacuerdo;"VOTARÁ ""RECHAZO""";"VOTARÁ ""NULO O BLANCO""";Hombre;Región Metropolitana de Santiago;Santiago;32;3;6;6;6;6;16
Muy en desacuerdo;Muy en desacuerdo;En desacuerdo;Muy en desacuerdo;"VOTARÁ ""APRUEBO""";"VOTARÁ ""CONVENCIÓN CONSTITUCIONAL"" (100% electa)";Hombre;Región Metropolitana de Santiago;La Florida;32;2;1;1;10;1;19
Muy de acuerdo;Muy de acuerdo;En desacuerdo;Muy de acuerdo;"VOTARÁ ""APRUEBO""";"VOTARÁ ""CONVENCIÓN CONSTITUCIONAL"" (100% electa)";Hombre;V Región de Valparaíso;Nogales;23;2;3;5;9;2;17
Neutral;De acuerdo;Neutral;De acuerdo;"VOTARÁ ""APRUEBO""";"VOTARÁ ""CONVENCIÓN CONSTITUCIONAL"" (100% electa)";Hombre;V Región de Valparaíso;Valparaíso;18;3;2;7;9;4;12
En desacuerdo;Neutral;En desacuerdo;Neutral;"VOTARÁ ""APRUEBO""";"VOTARÁ ""CONVENCIÓN MIXTA"" (50% elección popular, 50% congreso)";Hombre;Región Metropolitana de Santiago;Quinta normal;33;2;1;1;8;1;16
Muy de acuerdo;Muy de acuerdo;Muy en desacuerdo;De acuerdo;"VOTARÁ ""APRUEBO""";"VOTARÁ ""CONVENCIÓN CONSTITUCIONAL"" (100% electa)";Hombre;V Región de Valparaíso;Villa alemana ;28;3;4;1;10;4;19
Muy de acuerdo;Muy de acuerdo;Muy en desacuerdo;Muy de acuerdo;"VOTARÁ ""APRUEBO""";"VOTARÁ ""CONVENCIÓN CONSTITUCIONAL"" (100% electa)";Hombre;XIV Región de Los Ríos;Valdivia;32;3;1;1;10;1;18
De acuerdo;Muy de acuerdo;En desacuerdo;Neutral;"VOTARÁ ""APRUEBO""";"VOTARÁ ""CONVENCIÓN CONSTITUCIONAL"" (100% electa)";Hombre;V Región de Valparaíso;Valparaíso;27;3;3;4;10;3;18
Muy de acuerdo;Muy de acuerdo;En desacuerdo;Muy de acuerdo;"VOTARÁ ""APRUEBO""";"VOTARÁ ""CONVENCIÓN CONSTITUCIONAL"" (100% electa)";Hombre;Región Metropolitana de Santiago;Maipú;29;3;1;5;8;1;21
Muy en desacuerdo;Muy en desacuerdo;Muy en desacuerdo;Muy en desacuerdo;"VOTARÁ ""APRUEBO""";"VOTARÁ ""CONVENCIÓN CONSTITUCIONAL"" (100% electa)";Mujer;Región Metropolitana de Santiago;Ñuñoa ;66;3;6;7;10;4;17
De acuerdo;Muy de acuerdo;En desacuerdo;Muy de acuerdo;"VOTARÁ ""APRUEBO""";"VOTARÁ ""CONVENCIÓN CONSTITUCIONAL"" (100% electa)";Hombre;V Región de Valparaíso;Quilpue;29;3;2;1;9;1;17
De acuerdo;Muy de acuerdo;Neutral;De acuerdo;"VOTARÁ ""APRUEBO""";"VOTARÁ ""CONVENCIÓN CONSTITUCIONAL"" (100% electa)";Hombre;Región Metropolitana de Santiago;Macul;31;5;7;5;5;3;20
Muy de acuerdo;Muy de acuerdo;Muy en desacuerdo;Muy de acuerdo;"VOTARÁ ""APRUEBO""";"VOTARÁ ""CONVENCIÓN CONSTITUCIONAL"" (100% electa)";Hombre;Región Metropolitana de Santiago;Macul;19;2;2;10;10;1;12
De acuerdo;Muy de acuerdo;Muy en desacuerdo;Muy de acuerdo;"VOTARÁ ""APRUEBO""";"VOTARÁ ""CONVENCIÓN CONSTITUCIONAL"" (100% electa)";Hombre;Región Metropolitana de Santiago;Peñalolén;20;4;1;5;10;1;14
Muy de acuerdo;Muy de acuerdo;Muy en desacuerdo;Muy de acuerdo;"VOTARÁ ""APRUEBO""";"VOTARÁ ""CONVENCIÓN CONSTITUCIONAL"" (100% electa)";Hombre;Región Metropolitana de Santiago;Macul;19;2;2;10;10;1;12
De acuerdo;Muy de acuerdo;En desacuerdo;De acuerdo;"VOTARÁ ""APRUEBO""";"VOTARÁ ""CONVENCIÓN CONSTITUCIONAL"" (100% electa)";Hombre;XVI Región de Ñuble;San Ignacio ;25;2;2;5;8;3;17
Muy de acuerdo;Muy de acuerdo;Muy de acuerdo;Muy de acuerdo;"VOTARÁ ""APRUEBO""";"VOTARÁ ""CONVENCIÓN CONSTITUCIONAL"" (100% electa)";Hombre;VI Región del Libertador General Bernardo O’Higgins;Rancagua ;19;2;1;5;10;2;15
De acuerdo;De acuerdo;Neutral;De acuerdo;"VOTARÁ ""APRUEBO""";"VOTARÁ ""CONVENCIÓN CONSTITUCIONAL"" (100% electa)";Hombre;Región Metropolitana de Santiago;San Miguel;23;2;8;7;10;2;15
Muy de acuerdo;Muy de acuerdo;Muy en desacuerdo;Muy de acuerdo;"VOTARÁ ""APRUEBO""";"VOTARÁ ""CONVENCIÓN CONSTITUCIONAL"" (100% electa)";Mujer;V Región de Valparaíso;Viña del mar;20;1;8;7;8;5;14
Neutral;De acuerdo;Muy en desacuerdo;De acuerdo;"VOTARÁ ""APRUEBO""";"VOTARÁ ""CONVENCIÓN CONSTITUCIONAL"" (100% electa)";Hombre;Región Metropolitana de Santiago;Pudahuel;24;2;3;5;8;2;17
Muy de acuerdo;Muy de acuerdo;Muy de acuerdo;Muy de acuerdo;"VOTARÁ ""APRUEBO""";"VOTARÁ ""CONVENCIÓN CONSTITUCIONAL"" (100% electa)";Hombre;XV Región de Arica y Parinacota;2;29;2;1;8;10;1;22
Muy de acuerdo;Muy de acuerdo;Neutral;Muy de acuerdo;"VOTARÁ ""APRUEBO""";"VOTARÁ ""CONVENCIÓN CONSTITUCIONAL"" (100% electa)";Prefiero no decirlo;Región Metropolitana de Santiago;La Florida;19;2;2;4;4;2;12
Muy en desacuerdo;Muy en desacuerdo;En desacuerdo;Muy en desacuerdo;"VOTARÁ ""APRUEBO""";"VOTARÁ ""CONVENCIÓN CONSTITUCIONAL"" (100% electa)";Mujer;Región Metropolitana de Santiago;Macul;19;3;8;1;6;5;13
Muy de acuerdo;Muy de acuerdo;Neutral;Muy de acuerdo;"VOTARÁ ""APRUEBO""";"VOTARÁ ""CONVENCIÓN CONSTITUCIONAL"" (100% electa)";Hombre;XIV Región de Los Ríos;La Unión ;23;2;1;3;8;1;13
De acuerdo;Muy de acuerdo;Neutral;De acuerdo;"VOTARÁ ""APRUEBO""";"VOTARÁ ""CONVENCIÓN CONSTITUCIONAL"" (100% electa)";Mujer;Región Metropolitana de Santiago;Puente Alto;19;3;5;7;6;5;12
De acuerdo;Muy de acuerdo;En desacuerdo;Muy de acuerdo;"VOTARÁ ""APRUEBO""";"VOTARÁ ""CONVENCIÓN CONSTITUCIONAL"" (100% electa)";Mujer;Región Metropolitana de Santiago;La pintana ;18;2;4;5;7;5;12
Muy de acuerdo;Muy de acuerdo;Muy en desacuerdo;Muy de acuerdo;"VOTARÁ ""APRUEBO""";"VOTARÁ ""CONVENCIÓN CONSTITUCIONAL"" (100% electa)";Hombre;Región Metropolitana de Santiago;Macul;19;2;2;10;10;1;12
En desacuerdo;Muy de acuerdo;Muy en desacuerdo;Muy de acuerdo;"VOTARÁ ""APRUEBO""";"VOTARÁ ""CONVENCIÓN CONSTITUCIONAL"" (100% electa)";Hombre;Región Metropolitana de Santiago;Conchalí;21;2;1;4;8;3;14
Muy de acuerdo;Muy de acuerdo;Muy en desacuerdo;Muy de acuerdo;"VOTARÁ ""APRUEBO""";"VOTARÁ ""CONVENCIÓN CONSTITUCIONAL"" (100% electa)";Hombre;Región Metropolitana de Santiago;La Florida;37;3;5;10;10;1;20
Muy en desacuerdo;Muy en desacuerdo;En desacuerdo;Muy en desacuerdo;"VOTARÁ ""APRUEBO""";"VOTARÁ ""CONVENCIÓN CONSTITUCIONAL"" (100% electa)";Mujer;X Región de Los Lagos;San Juan De La Costa;22;2;3;2;10;2;17
Muy en desacuerdo;Muy en desacuerdo;En desacuerdo;Muy en desacuerdo;"VOTARÁ ""APRUEBO""";"VOTARÁ ""CONVENCIÓN CONSTITUCIONAL"" (100% electa)";Hombre;V Región de Valparaíso;Valparaíso;24;3;3;5;7;3;17
Muy en desacuerdo;Muy en desacuerdo;Muy en desacuerdo;Muy en desacuerdo;"VOTARÁ ""RECHAZO""";"VOTARÁ ""NULO O BLANCO""";Hombre;VIII Región del Biobío;Concepción;32;3;1;5;1;8;20
Muy de acuerdo;Muy de acuerdo;En desacuerdo;Muy de acuerdo;"VOTARÁ ""APRUEBO""";"VOTARÁ ""CONVENCIÓN CONSTITUCIONAL"" (100% electa)";Mujer;Región Metropolitana de Santiago;La florida;18;2;1;1;5;5;12
Neutral;Muy de acuerdo;Neutral;De acuerdo;"VOTARÁ ""APRUEBO""";"VOTARÁ ""CONVENCIÓN CONSTITUCIONAL"" (100% electa)";Mujer;Región Metropolitana de Santiago;La florida ;17;3;5;1;4;4;12
Muy de acuerdo;Muy de acuerdo;En desacuerdo;De acuerdo;"VOTARÁ ""APRUEBO""";"VOTARÁ ""CONVENCIÓN CONSTITUCIONAL"" (100% electa)";Hombre;IV Región de Coquimbo;La Serena;25;3;1;3;8;3;17
Muy de acuerdo;Muy de acuerdo;En desacuerdo;Muy de acuerdo;"VOTARÁ ""APRUEBO""";"VOTARÁ ""CONVENCIÓN CONSTITUCIONAL"" (100% electa)";Mujer;Región Metropolitana de Santiago;Macul;31;3;10;5;10;1;20
Muy de acuerdo;Muy de acuerdo;Neutral;Neutral;"VOTARÁ ""APRUEBO""";"VOTARÁ ""CONVENCIÓN CONSTITUCIONAL"" (100% electa)";Hombre;VII Región del Maule;talca;18;5;3;7;6;4;12
Muy de acuerdo;Muy de acuerdo;Muy de acuerdo;De acuerdo;"VOTARÁ ""APRUEBO""";"VOTARÁ ""CONVENCIÓN MIXTA"" (50% elección popular, 50% congreso)";Hombre;VI Región del Libertador General Bernardo O’Higgins;Puente alto;16;3;4;5;7;3;10
Muy de acuerdo;Muy de acuerdo;Muy de acuerdo;Muy de acuerdo;"VOTARÁ ""APRUEBO""";"VOTARÁ ""CONVENCIÓN CONSTITUCIONAL"" (100% electa)";Hombre;Región Metropolitana de Santiago;San Bernardo;24;2;4;5;6;4;17
De acuerdo;Muy de acuerdo;En desacuerdo;Neutral;"VOTARÁ ""APRUEBO""";"VOTARÁ ""CONVENCIÓN CONSTITUCIONAL"" (100% electa)";Hombre;XVI Región de Ñuble;Coelemu ;23;3;4;5;7;4;17
Muy de acuerdo;Muy de acuerdo;Muy de acuerdo;Muy de acuerdo;"VOTARÁ ""APRUEBO""";"VOTARÁ ""CONVENCIÓN CONSTITUCIONAL"" (100% electa)";Mujer;Región Metropolitana de Santiago;San Joaquín ;27;2;1;6;10;1;17
De acuerdo;Muy de acuerdo;Neutral;Muy de acuerdo;"VOTARÁ ""APRUEBO""";"VOTARÁ ""CONVENCIÓN CONSTITUCIONAL"" (100% electa)";Hombre;IV Región de Coquimbo;La Serena ;31;3;4;3;6;4;19
Muy en desacuerdo;En desacuerdo;Muy en desacuerdo;En desacuerdo;"VOTARÁ ""APRUEBO""";"VOTARÁ ""CONVENCIÓN CONSTITUCIONAL"" (100% electa)";Hombre;Región Metropolitana de Santiago;Santiago;22;3;3;8;7;3;17
En desacuerdo;De acuerdo;Muy en desacuerdo;En desacuerdo;NO IRÁ A VOTAR;NO IRÁ A VOTAR;Hombre;Región Metropolitana de Santiago;maipú;25;3;7;6;7;7;17
En desacuerdo;Muy de acuerdo;En desacuerdo;De acuerdo;"VOTARÁ ""APRUEBO""";"VOTARÁ ""CONVENCIÓN CONSTITUCIONAL"" (100% electa)";Hombre;VIII Región del Biobío;Los angeles;28;3;5;3;5;5;20
Muy de acuerdo;Muy de acuerdo;Neutral;Muy de acuerdo;"VOTARÁ ""APRUEBO""";"VOTARÁ ""CONVENCIÓN MIXTA"" (50% elección popular, 50% congreso)";Hombre;XVI Región de Ñuble;Coelemu;22;2;1;10;8;3;12
Neutral;Muy de acuerdo;Muy en desacuerdo;De acuerdo;"VOTARÁ ""APRUEBO""";"VOTARÁ ""CONVENCIÓN CONSTITUCIONAL"" (100% electa)";Hombre;XIV Región de Los Ríos;Valdivia;37;3;1;6;8;1;20
Muy de acuerdo;Muy de acuerdo;En desacuerdo;Muy de acuerdo;"VOTARÁ ""APRUEBO""";"VOTARÁ ""CONVENCIÓN CONSTITUCIONAL"" (100% electa)";Hombre;VIII Región del Biobío;Los Ángeles;18;2;6;1;7;2;13
De acuerdo;Muy de acuerdo;En desacuerdo;Muy de acuerdo;"VOTARÁ ""APRUEBO""";"VOTARÁ ""CONVENCIÓN CONSTITUCIONAL"" (100% electa)";Hombre;VI Región del Libertador General Bernardo O’Higgins;Santa Cruz;18;3;4;3;8;3;12
De acuerdo;Muy de acuerdo;Muy en desacuerdo;Muy de acuerdo;"VOTARÁ ""APRUEBO""";"VOTARÁ ""NULO O BLANCO""";Mujer;VII Región del Maule;Curico;27;3;3;1;8;3;20
Muy en desacuerdo;En desacuerdo;Muy en desacuerdo;En desacuerdo;"VOTARÁ ""APRUEBO""";"VOTARÁ ""CONVENCIÓN CONSTITUCIONAL"" (100% electa)";Mujer;V Región de Valparaíso;Petorca ;27;4;2;5;8;2;19
Muy de acuerdo;Muy de acuerdo;Muy en desacuerdo;Muy de acuerdo;"VOTARÁ ""APRUEBO""";"VOTARÁ ""CONVENCIÓN CONSTITUCIONAL"" (100% electa)";Hombre;Región Metropolitana de Santiago;Macul;65;3;3;1;10;3;14
De acuerdo;De acuerdo;En desacuerdo;De acuerdo;"VOTARÁ ""APRUEBO""";"VOTARÁ ""CONVENCIÓN CONSTITUCIONAL"" (100% electa)";Hombre;Región Metropolitana de Santiago;Providencia;28;3;2;4;7;3;19
De acuerdo;Muy de acuerdo;De acuerdo;Muy de acuerdo;"VOTARÁ ""APRUEBO""";"VOTARÁ ""CONVENCIÓN CONSTITUCIONAL"" (100% electa)";Hombre;VIII Región del Biobío;Concep;31;4;4;8;7;3;20
En desacuerdo;Muy de acuerdo;Muy en desacuerdo;De acuerdo;"VOTARÁ ""APRUEBO""";"VOTARÁ ""CONVENCIÓN CONSTITUCIONAL"" (100% electa)";Hombre;Región Metropolitana de Santiago;Providencia;36;3;1;3;8;2;23
Muy de acuerdo;Muy de acuerdo;En desacuerdo;Muy de acuerdo;"VOTARÁ ""APRUEBO""";"VOTARÁ ""CONVENCIÓN CONSTITUCIONAL"" (100% electa)";Hombre;II Región de Antofagasta;Antofagasta;30;2;4;8;8;4;20
Muy en desacuerdo;Neutral;Muy en desacuerdo;En desacuerdo;NO IRÁ A VOTAR;NO IRÁ A VOTAR;Hombre;Región Metropolitana de Santiago;Puente Alto;19;3;7;10;10;1;13
De acuerdo;Muy de acuerdo;Muy en desacuerdo;Neutral;"VOTARÁ ""APRUEBO""";"VOTARÁ ""CONVENCIÓN CONSTITUCIONAL"" (100% electa)";Hombre;V Región de Valparaíso;Valparaiso ;21;3;1;1;10;5;15
Neutral;Muy de acuerdo;Muy en desacuerdo;De acuerdo;"VOTARÁ ""APRUEBO""";"VOTARÁ ""CONVENCIÓN CONSTITUCIONAL"" (100% electa)";Hombre;VIII Región del Biobío;Penco;25;2;3;6;8;2;19
De acuerdo;De acuerdo;De acuerdo;De acuerdo;"VOTARÁ ""APRUEBO""";"VOTARÁ ""CONVENCIÓN CONSTITUCIONAL"" (100% electa)";Hombre;IX Región de La Araucanía;Temuco;19;3;4;4;4;6;13
De acuerdo;Muy de acuerdo;Muy en desacuerdo;De acuerdo;"VOTARÁ ""APRUEBO""";"VOTARÁ ""CONVENCIÓN CONSTITUCIONAL"" (100% electa)";Hombre;Región Metropolitana de Santiago;Paine;22;2;2;2;7;1;16
Muy de acuerdo;De acuerdo;De acuerdo;Muy de acuerdo;"VOTARÁ ""APRUEBO""";"VOTARÁ ""CONVENCIÓN CONSTITUCIONAL"" (100% electa)";Hombre;III Región de Atacama;Copiapó;17;3;2;2;4;6;12
Muy en desacuerdo;Muy en desacuerdo;En desacuerdo;Muy en desacuerdo;"VOTARÁ ""APRUEBO""";"VOTARÁ ""CONVENCIÓN CONSTITUCIONAL"" (100% electa)";Hombre;Región Metropolitana de Santiago;Peñalolén;34;2;5;9;7;3;16
Muy en desacuerdo;Muy en desacuerdo;En desacuerdo;Muy en desacuerdo;"VOTARÁ ""APRUEBO""";"VOTARÁ ""CONVENCIÓN CONSTITUCIONAL"" (100% electa)";Hombre;Región Metropolitana de Santiago;La Pintana;21;3;7;1;5;5;14
